id,transaction_hash,asset_token_id,condition_id,market_slug,side,outcome,price,size,cost_usd,fee_usd,match_timestamp,match_time_utc,trade_bible_id,clob_order_id,source,verified_at,is_multi_fill,multi_fill_index,multi_fill_total,created_at
202,0xc5a86dff0bbf28f49c5e70aa482b9a0fec0e676ee3066101f61bd36d65ffbf67,44522671541660267112947512593961691339526437764430320009037785459581380481302,0x317e4667b9b0591c8e080711369a83f7bf79e918de7485b7aed3a637a35aa17e,btc-updown-5m-1775693100,BUY,Up,0.6499999617646969,5.0989580000000005,3.3143225050397955,,1775693283,2026-04-09T00:08:03+00:00,,,data-api,2026-04-10T11:27:57.414087+00:00,False,1,1,2026-04-10T11:27:57.446164+00:00
201,0x9bc66b1b7dcae16c1847bc4aeac1a07dffe497f41f7d139e1b3a5d4c6d33ad20,75904167769936556281089373996738280812645328683691830606895063074431233051654,0x2562e5e930d2125413ddccdb22deb1be5e778b16bb7f997f6b4155e1f1fceb70,btc-updown-5m-1775694900,BUY,Up,0.6899999514084267,5.030094999999999,3.47076530557977,,1775695115,2026-04-09T00:38:35+00:00,,,data-api,2026-04-10T11:27:57.414084+00:00,False,1,1,2026-04-10T11:27:57.446164+00:00
200,0xb51e3cc259d2d7126a3443bc7e436e8a7eba6b52d8d20d114d35d7f3034963f1,72261010920448157746350802243294911044221788495532706303265361732546617503660,0x8fb9bb0c2cf1840a33ea6072260bae7133f8052d57332b0ffe30f9759c0c3da0,btc-updown-5m-1775697600,BUY,Up,0.6199999825352068,5.569155,3.45287600273586,,1775697759,2026-04-09T01:22:39+00:00,,,data-api,2026-04-10T11:27:57.414082+00:00,True,2,2,2026-04-10T11:27:57.446164+00:00
199,0x6a1b9265bdf930a77ad568717961ccb55a057ee5d25b5e77c3947b10fc0b913f,72261010920448157746350802243294911044221788495532706303265361732546617503660,0x8fb9bb0c2cf1840a33ea6072260bae7133f8052d57332b0ffe30f9759c0c3da0,btc-updown-5m-1775697600,BUY,Up,0.62,4.8632,3.015184,,1775697759,2026-04-09T01:22:39+00:00,,,data-api,2026-04-10T11:27:57.414081+00:00,True,1,2,2026-04-10T11:27:57.446164+00:00
198,0x8ab32b92471daa808f17e8e5ed4c7c9350d6fbaf93655fd681bc186c08a675c4,65848116847592605046346117576815336164721719230726740424356602485442358436662,0xa0713d69f016c887e9847ad6573288ba0bb878f13b6a9774d9747e13fd10c01f,btc-updown-5m-1775698800,BUY,Down,0.5199999694117575,6.3125,3.2824998069117193,,1775699007,2026-04-09T01:43:27+00:00,,,data-api,2026-04-10T11:27:57.414079+00:00,True,1,3,2026-04-10T11:27:57.446164+00:00
197,0x019f02d747de3fabd19b35a977651aad02fdbb902aea0a9f075ba1548a51572b,65848116847592605046346117576815336164721719230726740424356602485442358436662,0xa0713d69f016c887e9847ad6573288ba0bb878f13b6a9774d9747e13fd10c01f,btc-updown-5m-1775698800,BUY,Down,0.5199999355492856,6.590992,3.427315415205857,,1775699009,2026-04-09T01:43:29+00:00,,,data-api,2026-04-10T11:27:57.414077+00:00,True,3,3,2026-04-10T11:27:57.446164+00:00
196,0xf7630b6cf8b1ae03ef60b75871e56bd9ecaef678070708557157aa555a42811b,65848116847592605046346117576815336164721719230726740424356602485442358436662,0xa0713d69f016c887e9847ad6573288ba0bb878f13b6a9774d9747e13fd10c01f,btc-updown-5m-1775698800,BUY,Down,0.52,4.8272,2.5101440000000004,,1775699009,2026-04-09T01:43:29+00:00,,,data-api,2026-04-10T11:27:57.414075+00:00,True,2,3,2026-04-10T11:27:57.446164+00:00
195,0x8c0f94943c07a0f21ea2d493a74aa275f19c25bd1355d08b488bb155c510af39,62279420826589821932726487238319888606671351761475196211451190359067668959509,0x7db21e5d6c91192e304e2df74efa78db92d4dba990f1777efbb3ebfe5b39610a,btc-updown-5m-1775703000,BUY,Up,0.649999990845068,5.323907,3.4605395012599933,,1775703159,2026-04-09T02:52:39+00:00,,,data-api,2026-04-10T11:27:57.414073+00:00,True,1,2,2026-04-10T11:27:57.446164+00:00
194,0x16e420e8567d4c4de9f0ed91886d649cc01a24d814b4e930bfdbfca53071a581,62279420826589821932726487238319888606671351761475196211451190359067668959509,0x7db21e5d6c91192e304e2df74efa78db92d4dba990f1777efbb3ebfe5b39610a,btc-updown-5m-1775703000,BUY,Up,0.62,4.8632,3.015184,,1775703161,2026-04-09T02:52:41+00:00,,,data-api,2026-04-10T11:27:57.414072+00:00,True,2,2,2026-04-10T11:27:57.446164+00:00
193,0x01d4286abc8778c3011af1a284b6652dccc3a2043ffc221665f389a8cddce840,110504185477807868413198428828534445236488737005061467667790111910783943781876,0x21ea526d9074ff3b24eb513b20ed890d3fa91f69cefb337a915c74ac37ca7593,btc-updown-5m-1775704200,BUY,Down,0.64,5.1748,3.311872,,1775704403,2026-04-09T03:13:23+00:00,,,data-api,2026-04-10T11:27:57.414069+00:00,True,1,3,2026-04-10T11:27:57.446164+00:00
192,0x1bad01427069de9d8e013a8193d3429b420f71279deb4e8a13e25576e1ad12f7,110504185477807868413198428828534445236488737005061467667790111910783943781876,0x21ea526d9074ff3b24eb513b20ed890d3fa91f69cefb337a915c74ac37ca7593,btc-updown-5m-1775704200,BUY,Down,0.6041120129494425,5.708892,3.4488102378309686,,1775704405,2026-04-09T03:13:25+00:00,,,data-api,2026-04-10T11:27:57.414068+00:00,True,3,3,2026-04-10T11:27:57.446164+00:00
191,0x0f1db2836a17d8a0c71a47e3f210cf8855960242c191bf0957e99e0b74057eb5,110504185477807868413198428828534445236488737005061467667790111910783943781876,0x21ea526d9074ff3b24eb513b20ed890d3fa91f69cefb337a915c74ac37ca7593,btc-updown-5m-1775704200,BUY,Down,0.6,4.856,2.9135999999999997,,1775704405,2026-04-09T03:13:25+00:00,,,data-api,2026-04-10T11:27:57.414066+00:00,True,2,3,2026-04-10T11:27:57.446164+00:00
190,0xdb20686cbf7139fcc385d97160ba7c96cba5a321083e8ff94dda20898642b3b0,58674305618801473399873158113562400733362142797990792879540108172191646500314,0x861b2ea1893121ff94b7c033c6a99376fc2a9662e23a9ed5f3a0f77f96ad0adf,btc-updown-5m-1775704800,BUY,Down,0.43999996894116955,7.415711,3.262912609676689,,1775705011,2026-04-09T03:23:31+00:00,,,data-api,2026-04-10T11:27:57.414063+00:00,True,1,3,2026-04-10T11:27:57.446164+00:00
189,0x49e1c43fae949278cfed64aef5d05d0ebf7ab3a92b168d7ee0d00c1271089314,58674305618801473399873158113562400733362142797990792879540108172191646500314,0x861b2ea1893121ff94b7c033c6a99376fc2a9662e23a9ed5f3a0f77f96ad0adf,btc-updown-5m-1775704800,BUY,Down,0.42999998061971373,7.917002000000001,3.4043107065662355,,1775705013,2026-04-09T03:23:33+00:00,,,data-api,2026-04-10T11:27:57.414061+00:00,True,3,3,2026-04-10T11:27:57.446164+00:00
188,0x8c4fbd783ca312f06685a29f909d29e2ada6236f043ace7781b139f96fc4252d,58674305618801473399873158113562400733362142797990792879540108172191646500314,0x861b2ea1893121ff94b7c033c6a99376fc2a9662e23a9ed5f3a0f77f96ad0adf,btc-updown-5m-1775704800,BUY,Down,0.45,4.802,2.1609,,1775705013,2026-04-09T03:23:33+00:00,,,data-api,2026-04-10T11:27:57.414059+00:00,True,2,3,2026-04-10T11:27:57.446164+00:00
187,0xe0f5eceb1a3ec25ba3a68816a520d34d5633a605dc6be240546bfde87a7b7740,25383642357909662032759854226093277001569079294956730612201187191286437346075,0xb30534611ca49f9c77613449602519d327b876e63dafb92fb09f3fede7e28202,btc-updown-5m-1775706300,BUY,Up,0.64,5.1748,3.311872,,1775706525,2026-04-09T03:48:45+00:00,,,data-api,2026-04-10T11:27:57.414057+00:00,False,1,1,2026-04-10T11:27:57.446164+00:00
186,0x1a4b5f8c18981ff2c3b318a48662676c977fc8bc64134c82d0eb14e835011c5d,83656746122707137090255896528231257676419022258371542149114939683710749353781,0x8c96aebb7d70074e52a34ef275adb7816d1a90e6001d2a6cc4bb608dcf792ac0,btc-updown-5m-1775708100,BUY,Down,0.6999999605633603,4.961886,3.4733200043198895,,1775708309,2026-04-09T04:18:29+00:00,,,data-api,2026-04-10T11:27:57.414055+00:00,False,1,1,2026-04-10T11:27:57.446164+00:00
185,0x7c43ce308ccb256aea4043514a9a5597028eb0778a0469c0d9045b39652e2132,85321299037464562107089532026586838996888448031517821506659323963661080982000,0xdb1e0e585d961360a67bb95077fd01016955862827f77c58cf862a3ff22e90aa,btc-updown-5m-1775708700,BUY,Down,0.6999999605633603,4.961886,3.4733200043198895,,1775708927,2026-04-09T04:28:47+00:00,,,data-api,2026-04-10T11:27:57.414053+00:00,False,1,1,2026-04-10T11:27:57.446164+00:00
184,0xa07ada6bd3b89106b4963e5787d9f0bbd3808c00464912a5ea31aaa3e5b06481,27208252300128315436131882878100638730921916654314915296339538380320365048615,0x286bcb2387774d90b371a4f1783161b541b1b3bdf84b355a95064142f2a2b3f3,btc-updown-5m-1775709300,BUY,Down,0.6599999534117543,5.025414,3.3167730058747775,,1775709531,2026-04-09T04:38:51+00:00,,,data-api,2026-04-10T11:27:57.414051+00:00,True,1,3,2026-04-10T11:27:57.446164+00:00
183,0xa6cce80272d3db9e3ac9a70d54713059d7a7fc55a4eaff91597c204c84200ba5,27208252300128315436131882878100638730921916654314915296339538380320365048615,0x286bcb2387774d90b371a4f1783161b541b1b3bdf84b355a95064142f2a2b3f3,btc-updown-5m-1775709300,BUY,Down,0.6699999962253511,5.172616,3.4656527004751907,,1775709533,2026-04-09T04:38:53+00:00,,,data-api,2026-04-10T11:27:57.414049+00:00,True,3,3,2026-04-10T11:27:57.446164+00:00
182,0x8fb39786d336980fe813ea431fe6f2ec8cf07babc7340f21d7212d9e30013ac3,27208252300128315436131882878100638730921916654314915296339538380320365048615,0x286bcb2387774d90b371a4f1783161b541b1b3bdf84b355a95064142f2a2b3f3,btc-updown-5m-1775709300,BUY,Down,0.65,4.874,3.1681,,1775709533,2026-04-09T04:38:53+00:00,,,data-api,2026-04-10T11:27:57.414047+00:00,True,2,3,2026-04-10T11:27:57.446164+00:00
181,0xf1d5d97bf08a224924a3fa6314aaafe83dd6f016e7e489b4526d6784577ff212,48425066003067193986936669129289226313250927330647018843769532859876099312677,0x6625eafad3bb6318cb7ac99430e4e718054eeaae04d88ee44c06301d64c3d7cc,btc-updown-5m-1775709900,BUY,Down,0.68,4.8848,3.3216640000000006,,1775710133,2026-04-09T04:48:53+00:00,,,data-api,2026-04-10T11:27:57.414045+00:00,True,1,2,2026-04-10T11:27:57.446164+00:00
180,0x2e011bec94057cf65be98343b0deabfa19f0bb92055d598e42fef507f9898051,48425066003067193986936669129289226313250927330647018843769532859876099312677,0x6625eafad3bb6318cb7ac99430e4e718054eeaae04d88ee44c06301d64c3d7cc,btc-updown-5m-1775709900,BUY,Down,0.6799999693521054,5.100307,3.4682086036863287,,1775710135,2026-04-09T04:48:55+00:00,,,data-api,2026-04-10T11:27:57.414043+00:00,True,2,2,2026-04-10T11:27:57.446164+00:00
179,0x3491f10daa4b75ec791bd109d3fad50658d77b6ff30909d873cba4dae3d71ac2,63724780447543198462881763791477106585562563192339795557691470800085553953902,0x67476a393d03a679c749575719a2de20b43820337aced24967d8ce3bf2e744a2,btc-updown-5m-1775710500,BUY,Down,0.4,8.1328,3.25312,,1775710707,2026-04-09T04:58:27+00:00,,,data-api,2026-04-10T11:27:57.414041+00:00,True,1,3,2026-04-10T11:27:57.446164+00:00
178,0x3906e159961ec7406f209b813450fb3fc60aebff6d0017e554d886f02969edd8,63724780447543198462881763791477106585562563192339795557691470800085553953902,0x67476a393d03a679c749575719a2de20b43820337aced24967d8ce3bf2e744a2,btc-updown-5m-1775710500,BUY,Down,0.37999994433802065,8.925074,3.3915276232127156,,1775710709,2026-04-09T04:58:29+00:00,,,data-api,2026-04-10T11:27:57.414040+00:00,True,3,3,2026-04-10T11:27:57.446164+00:00
177,0x8725dc5cf3ecc63089a3e15b07ea94714c07ae8e79e7002c293276f7e91cb546,63724780447543198462881763791477106585562563192339795557691470800085553953902,0x67476a393d03a679c749575719a2de20b43820337aced24967d8ce3bf2e744a2,btc-updown-5m-1775710500,BUY,Down,0.38,4.7768,1.815184,,1775710709,2026-04-09T04:58:29+00:00,,,data-api,2026-04-10T11:27:57.414038+00:00,True,2,3,2026-04-10T11:27:57.446164+00:00
176,0x7df89079c937274985810663caccd83441e410ceaf641e1665edd60a0c059dbe,1988580984700702885687472872487867595176117461023635754324570600934562591532,0x2ecaf59df7fef8a631fce3e21755128bc2a0ef5e8bdfa9f88eb6a0bf83356f24,btc-updown-5m-1775710800,BUY,Up,0.6299999777647002,5.253054,3.309423903196769,,1775711017,2026-04-09T05:03:37+00:00,,,data-api,2026-04-10T11:27:57.414036+00:00,True,1,3,2026-04-10T11:27:57.446164+00:00
175,0x1b86b43935d4affa60b418d70afb420f61993a893a75c351628a230a8df97f33,1988580984700702885687472872487867595176117461023635754324570600934562591532,0x2ecaf59df7fef8a631fce3e21755128bc2a0ef5e8bdfa9f88eb6a0bf83356f24,btc-updown-5m-1775710800,BUY,Up,0.64,5.403105,3.4579872000000003,,1775711019,2026-04-09T05:03:39+00:00,,,data-api,2026-04-10T11:27:57.414033+00:00,True,3,3,2026-04-10T11:27:57.446164+00:00
174,0x62061bd17ba305cd916573327a371fa6d522971b902ea98e96a4626e4bfed62c,1988580984700702885687472872487867595176117461023635754324570600934562591532,0x2ecaf59df7fef8a631fce3e21755128bc2a0ef5e8bdfa9f88eb6a0bf83356f24,btc-updown-5m-1775710800,BUY,Up,0.64,4.8704,3.1170560000000003,,1775711019,2026-04-09T05:03:39+00:00,,,data-api,2026-04-10T11:27:57.414031+00:00,True,2,3,2026-04-10T11:27:57.446164+00:00
173,0xd40420c943969974dbaec316bc47654480b8a7d923b9bbc35ce0f70f48cb2d1a,40259197232236145103058614418349480917926799545895863053398302806578674404773,0x366c2aac34ee40fb9b3a18a994d905c81763c3973e4fb6ed3cb2d07b33524efc,btc-updown-5m-1775711100,BUY,Up,0.4499999602941095,7.256364,3.265363511879605,,1775711241,2026-04-09T05:07:21+00:00,,,data-api,2026-04-10T11:27:57.414028+00:00,True,1,3,2026-04-10T11:27:57.446164+00:00
172,0x8fe86ae78add667409bba93b779ab69c29c68358e83658c8cff2d107f910b8c7,40259197232236145103058614418349480917926799545895863053398302806578674404773,0x366c2aac34ee40fb9b3a18a994d905c81763c3973e4fb6ed3cb2d07b33524efc,btc-updown-5m-1775711100,BUY,Up,0.37,4.7732,1.766084,,1775711243,2026-04-09T05:07:23+00:00,,,data-api,2026-04-10T11:27:57.414026+00:00,True,3,3,2026-04-10T11:27:57.446164+00:00
171,0x67f93b4c724665a1014806c8c1e8863c3c0bccf6f39c719bdb1f6dd33ef268db,40259197232236145103058614418349480917926799545895863053398302806578674404773,0x366c2aac34ee40fb9b3a18a994d905c81763c3973e4fb6ed3cb2d07b33524efc,btc-updown-5m-1775711100,BUY,Up,0.36999995726759854,9.159383,3.3889713185975685,,1775711243,2026-04-09T05:07:23+00:00,,,data-api,2026-04-10T11:27:57.414024+00:00,True,2,3,2026-04-10T11:27:57.446164+00:00
170,0xfcf1e8f187b5b621e86d5531a3d3a8b6a1aacf255d73e328de44dc21ff4b6805,4284008864719951290285221661039952928189122739933141091446256262079072028206,0x372c40ca40285c349d3628455c7da940ef2b10aa22a50a7380998e55064e01cf,btc-updown-5m-1775712600,BUY,Up,0.68,4.8848,3.3216640000000006,,1775712745,2026-04-09T05:32:25+00:00,,,data-api,2026-04-10T11:27:57.414023+00:00,False,1,1,2026-04-10T11:27:57.446164+00:00
169,0x791c73c959bf644ffe2661fde539ab351bbc89a6cb9d8213f1470518ad8ce77e,106434591082078417703027624434893944448436448697218969769808383891921451062701,0xf58cfda750f51c5b10923b5b9cf92dfa6d313ded7b50b83534ff069526897df1,btc-updown-5m-1775713800,BUY,Down,0.6599999534117543,5.025414,3.3167730058747775,,1775714003,2026-04-09T05:53:23+00:00,,,data-api,2026-04-10T11:27:57.414021+00:00,True,1,3,2026-04-10T11:27:57.446164+00:00
168,0x494a37bab223f4dfa9f01b6d4d555f96db2a37ef22e5d8d22d62139b8469f90a,106434591082078417703027624434893944448436448697218969769808383891921451062701,0xf58cfda750f51c5b10923b5b9cf92dfa6d313ded7b50b83534ff069526897df1,btc-updown-5m-1775713800,BUY,Down,0.67,4.8812,3.270404,,1775714005,2026-04-09T05:53:25+00:00,,,data-api,2026-04-10T11:27:57.414019+00:00,True,3,3,2026-04-10T11:27:57.446164+00:00
167,0xde39639b0d19a4b0862954e800fba43b7e51de25f3894a1ccf3be018d0e0fdba,106434591082078417703027624434893944448436448697218969769808383891921451062701,0xf58cfda750f51c5b10923b5b9cf92dfa6d313ded7b50b83534ff069526897df1,btc-updown-5m-1775713800,BUY,Down,0.6699999962253511,5.172616,3.4656527004751907,,1775714005,2026-04-09T05:53:25+00:00,,,data-api,2026-04-10T11:27:57.414017+00:00,True,2,3,2026-04-10T11:27:57.446164+00:00
166,0x575bcc918e798828e19a397319bdc6207fcb62aa748ebeb346052828a991bdf6,98190515757517916109488305272952758235862774735990453269831713872838305510454,0xc67dad75113be48e99f350e067d8bbb4e5bde6cc3bad4eae2f3e188065c9603f,btc-updown-5m-1775714100,BUY,Up,0.6,5.503475,3.302085,,1775714293,2026-04-09T05:58:13+00:00,,,data-api,2026-04-10T11:27:57.414015+00:00,True,1,3,2026-04-10T11:27:57.446164+00:00
165,0x06f9207d6689e41848430150500dd598b05880e670f550632fb8c02ab7602d68,98190515757517916109488305272952758235862774735990453269831713872838305510454,0xc67dad75113be48e99f350e067d8bbb4e5bde6cc3bad4eae2f3e188065c9603f,btc-updown-5m-1775714100,BUY,Up,0.6,5.746275,3.447765,,1775714295,2026-04-09T05:58:15+00:00,,,data-api,2026-04-10T11:27:57.414013+00:00,True,3,3,2026-04-10T11:27:57.446164+00:00
164,0x9869c17bedc00e5118ec3eb65193ab425a8756b0c5a9eebe236f65a1432a308d,98190515757517916109488305272952758235862774735990453269831713872838305510454,0xc67dad75113be48e99f350e067d8bbb4e5bde6cc3bad4eae2f3e188065c9603f,btc-updown-5m-1775714100,BUY,Up,0.6,4.856,2.9135999999999997,,1775714295,2026-04-09T05:58:15+00:00,,,data-api,2026-04-10T11:27:57.414011+00:00,True,2,3,2026-04-10T11:27:57.446164+00:00
163,0x4bec48ff69909b45169a731583b14e5fb9292b6148801021220e1a31c3fa8db0,91362691241584253653028168500308544617833280774735513272654602579276549768712,0x24af899efbb85761865ea2e792034d2a535d7133323fdc831075631c59344bf0,btc-updown-5m-1775715300,BUY,Down,0.6999998225351562,4.961887,3.4733200194394986,,1775715505,2026-04-09T06:18:25+00:00,,,data-api,2026-04-10T11:27:57.414008+00:00,False,1,1,2026-04-10T11:27:57.446164+00:00
162,0xdbf39ae2848dac940a9eabfdc5e329986fe4a3410b3044f7abb81de5d8130875,111861228751540479340003298279081378837380973439864401220237205925776910511574,0xdb25026dd6de4bef38ab360aa69c8eba2221ef65ef1fbbad15843e6fc824f4d7,btc-updown-5m-1775715600,BUY,Down,0.6899998172957201,5.0300959999999995,3.470765320979932,,1775715815,2026-04-09T06:23:35+00:00,,,data-api,2026-04-10T11:27:57.414006+00:00,False,1,1,2026-04-10T11:27:57.446164+00:00
161,0xfbccde2b110e9e1d25b2d81f94979794b56abfca83b8d3b9ad5eec9766b803d7,50988365955548544991544057950329763431090715828349912197743073281662227987796,0xf33b8c80b91ca6b28f97bad6a6385d402af96ee7d925e42f7ac9bf2124217dac,btc-updown-5m-1775715900,BUY,Down,0.6599999534117543,5.025414,3.3167730058747775,,1775716107,2026-04-09T06:28:27+00:00,,,data-api,2026-04-10T11:27:57.414004+00:00,True,1,3,2026-04-10T11:27:57.446164+00:00
160,0xac77d34c80137b0ef4d51b37053c425c15dda221a1505dc8f90bc556a6b13b43,50988365955548544991544057950329763431090715828349912197743073281662227987796,0xf33b8c80b91ca6b28f97bad6a6385d402af96ee7d925e42f7ac9bf2124217dac,btc-updown-5m-1775715900,BUY,Down,0.6299999396619436,5.484808,3.4554287090573452,,1775716109,2026-04-09T06:28:29+00:00,,,data-api,2026-04-10T11:27:57.414002+00:00,True,3,3,2026-04-10T11:27:57.446164+00:00
159,0x9e6f5d855c47b7ad094ff245e5032916b254ad38e8c538d99c5ee2e90e7c1dd4,50988365955548544991544057950329763431090715828349912197743073281662227987796,0xf33b8c80b91ca6b28f97bad6a6385d402af96ee7d925e42f7ac9bf2124217dac,btc-updown-5m-1775715900,BUY,Down,0.64,4.8704,3.1170560000000003,,1775716109,2026-04-09T06:28:29+00:00,,,data-api,2026-04-10T11:27:57.414000+00:00,True,2,3,2026-04-10T11:27:57.446164+00:00
158,0x0296a026a146cc7b84bc748a5be54a8349fbd5f10c5bf28863c1754c0df3adcb,55296211497084726180009524736522749834955024358362949121412476299899038379600,0x928e00b2d5e010a7da4e4e7edf4804a919b2faffe51eeeb0391c44a2f098665c,btc-updown-5m-1775718000,BUY,Down,0.4,8.4916,3.39664,,1775718249,2026-04-09T07:04:09+00:00,,,data-api,2026-04-10T11:27:57.413998+00:00,True,1,2,2026-04-10T11:27:57.446164+00:00
157,0x43f8fa57efbf9e9fd69228fc9cbf40bfeb94c580dd2b818222f76098c9086321,55296211497084726180009524736522749834955024358362949121412476299899038379600,0x928e00b2d5e010a7da4e4e7edf4804a919b2faffe51eeeb0391c44a2f098665c,btc-updown-5m-1775718000,BUY,Down,0.4,4.784,1.9136,,1775718251,2026-04-09T07:04:11+00:00,,,data-api,2026-04-10T11:27:57.413997+00:00,True,2,2,2026-04-10T11:27:57.446164+00:00
156,0x6c586ea2f96c9d27a5b9ca8004e0d94bb6d3d8c09a512157453a29f54bc05681,51708146268608741497914700229137742050521069529447250971851561894003489804149,0xc09fe63e6eaeb8f13a9b5e9c34648f911130f915556de312915d92d04b722d05,btc-updown-5m-1775718300,BUY,Up,0.4199999332941086,7.757186999999999,3.2580180225499262,,1775718457,2026-04-09T07:07:37+00:00,,,data-api,2026-04-10T11:27:57.413995+00:00,True,1,3,2026-04-10T11:27:57.446164+00:00
155,0x2f351c6499d7e9b3a3841653680c6641b864017da1f8277ac08e8a917b4752ce,51708146268608741497914700229137742050521069529447250971851561894003489804149,0xc09fe63e6eaeb8f13a9b5e9c34648f911130f915556de312915d92d04b722d05,btc-updown-5m-1775718300,BUY,Up,0.42999998061971373,7.917002000000001,3.4043107065662355,,1775718459,2026-04-09T07:07:39+00:00,,,data-api,2026-04-10T11:27:57.413993+00:00,True,3,3,2026-04-10T11:27:57.446164+00:00
154,0xd35ac74faf03e5ce83af8ca263496a9579d0222f8e7052a1515864829dd73290,51708146268608741497914700229137742050521069529447250971851561894003489804149,0xc09fe63e6eaeb8f13a9b5e9c34648f911130f915556de312915d92d04b722d05,btc-updown-5m-1775718300,BUY,Up,0.43,4.7948,2.061764,,1775718459,2026-04-09T07:07:39+00:00,,,data-api,2026-04-10T11:27:57.413991+00:00,True,2,3,2026-04-10T11:27:57.446164+00:00
153,0x500b90b4fe3fc869a875471dc4727fa8a7198664e33ae3fdbc64c11578478f28,84106955185739285853747252635840419700637434391224693600950503816056789144061,0x67c9df17a2754d0f1d456ad930dad6070d18c4f638e4d8563802b69b162ee38e,btc-updown-5m-1775719200,BUY,Down,0.6299999777647002,5.253054,3.309423903196769,,1775719403,2026-04-09T07:23:23+00:00,,,data-api,2026-04-10T11:27:57.413989+00:00,True,1,2,2026-04-10T11:27:57.446164+00:00
152,0x45ede08445a5c5b8f87258e4e70ab0c094cd4f2016050b7f1d3d55bd66a58baa,84106955185739285853747252635840419700637434391224693600950503816056789144061,0x67c9df17a2754d0f1d456ad930dad6070d18c4f638e4d8563802b69b162ee38e,btc-updown-5m-1775719200,BUY,Down,0.6199999825352068,5.569155,3.45287600273586,,1775719405,2026-04-09T07:23:25+00:00,,,data-api,2026-04-10T11:27:57.413987+00:00,True,2,2,2026-04-10T11:27:57.446164+00:00
151,0x27fc00d50ba5debab22d346b79ac1b4b303faf907296c6d96c11e596ef4689ab,108914872636256568883900613455642238678429048210848319496949286369742708991208,0xbe74849f9c4ea92fa749fe6df40fe8694431e5d5c25e0932cebed6d4b2a38b05,btc-updown-5m-1775719500,BUY,Down,0.6,5.503475,3.302085,,1775719707,2026-04-09T07:28:27+00:00,,,data-api,2026-04-10T11:27:57.413986+00:00,True,1,3,2026-04-10T11:27:57.446164+00:00
150,0x742264ef937fa8737aa030ce2ba12f17a0622e83a2412407d2a13b2bc857eaa7,108914872636256568883900613455642238678429048210848319496949286369742708991208,0xbe74849f9c4ea92fa749fe6df40fe8694431e5d5c25e0932cebed6d4b2a38b05,btc-updown-5m-1775719500,BUY,Down,0.5699999470140745,6.035248999999999,3.440091610216746,,1775719709,2026-04-09T07:28:29+00:00,,,data-api,2026-04-10T11:27:57.413984+00:00,True,3,3,2026-04-10T11:27:57.446164+00:00
149,0xa53250d6eb35b5f318f6e91c95479e1f696f60f7c323cf20d127eec52790af1d,108914872636256568883900613455642238678429048210848319496949286369742708991208,0xbe74849f9c4ea92fa749fe6df40fe8694431e5d5c25e0932cebed6d4b2a38b05,btc-updown-5m-1775719500,BUY,Down,0.57,4.8452,2.761764,,1775719709,2026-04-09T07:28:29+00:00,,,data-api,2026-04-10T11:27:57.413981+00:00,True,2,3,2026-04-10T11:27:57.446164+00:00
148,0xfff4d8a849c291999bd2901b8302e83f7654486af9ab5da4eb38bc85714e16a0,92971587857754188597843802365508977722325349293241522244025410227049365692073,0xed6842e78490aac0c610ccf1cd0eb2ded518d55b9f1f5762b9727b363fc4a8e6,btc-updown-5m-1775721000,BUY,Up,0.4199999332941086,7.757186999999999,3.2580180225499262,,1775721159,2026-04-09T07:52:39+00:00,,,data-api,2026-04-10T11:27:57.413978+00:00,True,1,3,2026-04-10T11:27:57.446164+00:00
147,0x0b9f6632f3118ee3312ae4611d329c53a4fe368d339765bd1606d9f04f87cb2b,92971587857754188597843802365508977722325349293241522244025410227049365692073,0xed6842e78490aac0c610ccf1cd0eb2ded518d55b9f1f5762b9727b363fc4a8e6,btc-updown-5m-1775721000,BUY,Up,0.44,4.7984,2.111296,,1775721161,2026-04-09T07:52:41+00:00,,,data-api,2026-04-10T11:27:57.413977+00:00,True,3,3,2026-04-10T11:27:57.446164+00:00
146,0x970332f6b19dbdb0f6699bc99f815163ce77aacf6aebd89d2b20aa3f4ded65ad,92971587857754188597843802365508977722325349293241522244025410227049365692073,0xed6842e78490aac0c610ccf1cd0eb2ded518d55b9f1f5762b9727b363fc4a8e6,btc-updown-5m-1775721000,BUY,Up,0.439999975211262,7.7428799999999995,3.406867008063776,,1775721161,2026-04-09T07:52:41+00:00,,,data-api,2026-04-10T11:27:57.413974+00:00,True,2,3,2026-04-10T11:27:57.446164+00:00
145,0xfd6233ffea60c3af53c731f32f8623686283f6577a5adf5ca9a2fd8f5d08c4d2,41221819424596910363029210836434343707271691438224445473872271392871268862766,0x19356b53702644a9ef3f0226a1d8ebd2feba1b6381bf1126e794f3c85e02e20d,btc-updown-5m-1775721300,BUY,Down,0.47999995132393486,7.1189420000000005,3.417091813477916,,1775721527,2026-04-09T07:58:47+00:00,,,data-api,2026-04-10T11:27:57.413972+00:00,True,2,2,2026-04-10T11:27:57.446164+00:00
144,0x0cbedeb707fa80ab2cf85a6a67c873f4a548a03666d39702465377ace46401a1,41221819424596910363029210836434343707271691438224445473872271392871268862766,0x19356b53702644a9ef3f0226a1d8ebd2feba1b6381bf1126e794f3c85e02e20d,btc-updown-5m-1775721300,BUY,Down,0.47,4.8092,2.2603239999999998,,1775721527,2026-04-09T07:58:47+00:00,,,data-api,2026-04-10T11:27:57.413970+00:00,True,1,2,2026-04-10T11:27:57.446164+00:00
143,0xf27b36c7f0b5079d27e49a2522e07562a86cd4a22f21a8f55d835ce8cfb8847c,6892517271985466701061295512680770203027127578713294751785385991132410305635,0xe9dd3ee57766c7957d71337d07f75c4486677abb63fe56c09321bfcd3b738f4c,btc-updown-5m-1775721600,BUY,Down,0.4699999626764626,6.957991000000001,3.270255510303163,,1775721807,2026-04-09T08:03:27+00:00,,,data-api,2026-04-10T11:27:57.413969+00:00,True,1,3,2026-04-10T11:27:57.446164+00:00
142,0xd1441e07ee6c06f1371f75006969c80b93df7d9992dc1db41fcc079cd535b6c3,6892517271985466701061295512680770203027127578713294751785385991132410305635,0xe9dd3ee57766c7957d71337d07f75c4486677abb63fe56c09321bfcd3b738f4c,btc-updown-5m-1775721600,BUY,Down,0.47,4.8092,2.2603239999999998,,1775721809,2026-04-09T08:03:29+00:00,,,data-api,2026-04-10T11:27:57.413967+00:00,True,3,3,2026-04-10T11:27:57.446164+00:00
141,0x2326d20978266d790fe1c50dd615f586f5322505261af224442776da347014c2,6892517271985466701061295512680770203027127578713294751785385991132410305635,0xe9dd3ee57766c7957d71337d07f75c4486677abb63fe56c09321bfcd3b738f4c,btc-updown-5m-1775721600,BUY,Down,0.4699999602816823,7.26497,3.4145356114476133,,1775721809,2026-04-09T08:03:29+00:00,,,data-api,2026-04-10T11:27:57.413965+00:00,True,2,3,2026-04-10T11:27:57.446164+00:00
140,0x341c3e7a7e336b13653aa2e6b41cca001286537b29d5affe3ea1364282cbd6fe,22174330728520812462057441178730233066306498744895707931256099126198750025369,0xbc12b4d416bf1856ba8c54aee885f87b77f4f964ddf97c2cf7727a4985746ba3,btc-updown-5m-1775721900,BUY,Up,0.5499999433823421,5.981527,3.289839511339951,,1775722039,2026-04-09T08:07:19+00:00,,,data-api,2026-04-10T11:27:57.413962+00:00,True,1,3,2026-04-10T11:27:57.446164+00:00
139,0x49c6888a25b0bf209ce0b51694fbf124dccaca45995733f2ab5f8a4b94e9980a,22174330728520812462057441178730233066306498744895707931256099126198750025369,0xbc12b4d416bf1856ba8c54aee885f87b77f4f964ddf97c2cf7727a4985746ba3,btc-updown-5m-1775721900,BUY,Up,0.5199999355492856,6.590992,3.427315415205857,,1775722041,2026-04-09T08:07:21+00:00,,,data-api,2026-04-10T11:27:57.413960+00:00,True,2,3,2026-04-10T11:27:57.446164+00:00
138,0xaf43bb456cf61fae22f8751e011c57ed32d08ccac7ff4b571b63379e21cd436d,22174330728520812462057441178730233066306498744895707931256099126198750025369,0xbc12b4d416bf1856ba8c54aee885f87b77f4f964ddf97c2cf7727a4985746ba3,btc-updown-5m-1775721900,BUY,Up,0.5,4.82,2.41,,1775722043,2026-04-09T08:07:23+00:00,,,data-api,2026-04-10T11:27:57.413958+00:00,True,3,3,2026-04-10T11:27:57.446164+00:00
137,0xe3296f32c858093e59d997649e0c09bbf9217b2ab773692935d842af33f55516,88417816917500607413426486899508366063359997771526834122409748469698190619513,0x721f0ad2806c4df67b46daa5112d33d54ab102bd35f89905df8b2f12c9b35240,btc-updown-5m-1775726700,BUY,Down,0.68,11.96776,8.1380768,,1775726919,2026-04-09T09:28:39+00:00,,,data-api,2026-04-10T11:27:57.413956+00:00,True,1,3,2026-04-10T11:27:57.446164+00:00
136,0xc4b87ec4cfc3f3763cdd8c5fb58d297adce7bd1e26ab577318b11f25cc5d0c29,88417816917500607413426486899508366063359997771526834122409748469698190619513,0x721f0ad2806c4df67b46daa5112d33d54ab102bd35f89905df8b2f12c9b35240,btc-updown-5m-1775726700,BUY,Down,0.6799999791037111,11.220673,7.630057405529575,,1775726923,2026-04-09T09:28:43+00:00,,,data-api,2026-04-10T11:27:57.413954+00:00,True,3,3,2026-04-10T11:27:57.446164+00:00
135,0x48fae69b599368c4210bf8d596aa89bad099a8cc629b2fdc340eb2ed3873fa5e,88417816917500607413426486899508366063359997771526834122409748469698190619513,0x721f0ad2806c4df67b46daa5112d33d54ab102bd35f89905df8b2f12c9b35240,btc-updown-5m-1775726700,BUY,Down,0.68,11.96776,8.1380768,,1775726923,2026-04-09T09:28:43+00:00,,,data-api,2026-04-10T11:27:57.413952+00:00,True,2,3,2026-04-10T11:27:57.446164+00:00
134,0x33d14d825a3a32080043058fccfddbd8e3bdd23294649017c2130593647c825e,21299109175778092293308141874000911674435537662534966962345932496767549632660,0x43ba7d52615bbb84ec778a033df724628ceaa30e69431d6867db7ed3f439539c,btc-updown-5m-1775727000,BUY,Up,0.5599999966214173,11.464224,6.419965401267171,,1775727139,2026-04-09T09:32:19+00:00,,,data-api,2026-04-10T11:27:57.413949+00:00,True,1,3,2026-04-10T11:27:57.446164+00:00
133,0xc3edb68b4b70195e45629186b7a106dafeb0e0f855597470411835c3e878da56,21299109175778092293308141874000911674435537662534966962345932496767549632660,0x43ba7d52615bbb84ec778a033df724628ceaa30e69431d6867db7ed3f439539c,btc-updown-5m-1775727000,BUY,Up,0.559999975461656,11.049223,6.187564608870365,,1775727141,2026-04-09T09:32:21+00:00,,,data-api,2026-04-10T11:27:57.413948+00:00,True,3,3,2026-04-10T11:27:57.446164+00:00
132,0x0ded4b9bca0658daae58055ec13494c0dd334b97bb899cb79b103c5e5ecf460a,21299109175778092293308141874000911674435537662534966962345932496767549632660,0x43ba7d52615bbb84ec778a033df724628ceaa30e69431d6867db7ed3f439539c,btc-updown-5m-1775727000,BUY,Up,0.56,9.44112,5.287027200000001,,1775727141,2026-04-09T09:32:21+00:00,,,data-api,2026-04-10T11:27:57.413946+00:00,True,2,3,2026-04-10T11:27:57.446164+00:00
131,0xbd70a6662f7b9485ddfb47f8800cff8ada949d0a40c20864662923da7e5259f7,90464984161366491174865895085990345094883846253280659538626298232651935456464,0x405c9fbe3f73986e8447012df2cc70917564e1e53d08531b3af4e0b32066451a,btc-updown-5m-1775727600,BUY,Up,0.68,7.57144,5.1485792,,1775727755,2026-04-09T09:42:35+00:00,,,data-api,2026-04-10T11:27:57.413944+00:00,True,1,3,2026-04-10T11:27:57.446164+00:00
130,0x8650afe8fa3c6c2d82976d9e25129f4502429b3500f5f3901077620fc573d8ac,90464984161366491174865895085990345094883846253280659538626298232651935456464,0x405c9fbe3f73986e8447012df2cc70917564e1e53d08531b3af4e0b32066451a,btc-updown-5m-1775727600,BUY,Up,0.6799999616901276,7.140431,4.855492806450999,,1775727757,2026-04-09T09:42:37+00:00,,,data-api,2026-04-10T11:27:57.413942+00:00,True,3,3,2026-04-10T11:27:57.446164+00:00
129,0xea15711851303abff761639e052024cc6cd328a2e692b4730dc853b34020a7f4,90464984161366491174865895085990345094883846253280659538626298232651935456464,0x405c9fbe3f73986e8447012df2cc70917564e1e53d08531b3af4e0b32066451a,btc-updown-5m-1775727600,BUY,Up,0.68,7.57144,5.1485792,,1775727757,2026-04-09T09:42:37+00:00,,,data-api,2026-04-10T11:27:57.413939+00:00,True,2,3,2026-04-10T11:27:57.446164+00:00
128,0xf4a40f8ced085485bd4fb9337fc1f681ee5b95affbfbdb774ff272c5d28f0c66,44718490384700863757189125972664212660835439470880033789121602870676170773394,0x6116212ec12665854991e35fff79a77e8aaee26e87e46f3f011b05089cd3ddbd,btc-updown-5m-1775728200,BUY,Up,0.5599999947294105,7.348864,4.115363801267154,,1775728339,2026-04-09T09:52:19+00:00,,,data-api,2026-04-10T11:27:57.413937+00:00,True,1,3,2026-04-10T11:27:57.446164+00:00
127,0x97c14115d5723b77a0343ab7ce2c3f5e105b5d6f8c61ec488f21702d8cf900c0,44718490384700863757189125972664212660835439470880033789121602870676170773394,0x6116212ec12665854991e35fff79a77e8aaee26e87e46f3f011b05089cd3ddbd,btc-updown-5m-1775728200,BUY,Up,0.5599999474178207,7.36615,4.12504361267178,,1775728341,2026-04-09T09:52:21+00:00,,,data-api,2026-04-10T11:27:57.413935+00:00,True,2,3,2026-04-10T11:27:57.446164+00:00
126,0x8e4233b16220800a6d86ed1ec9cf7986bb55c0be6bebeb403d547a5723fbd9c7,44718490384700863757189125972664212660835439470880033789121602870676170773394,0x6116212ec12665854991e35fff79a77e8aaee26e87e46f3f011b05089cd3ddbd,btc-updown-5m-1775728200,BUY,Up,0.57,6.0565,3.4522049999999997,,1775728343,2026-04-09T09:52:23+00:00,,,data-api,2026-04-10T11:27:57.413933+00:00,True,3,3,2026-04-10T11:27:57.446164+00:00
125,0x09bd970f3191f45b7224f7b890e27ece29c9f5ea5aa7d72f11635a4babffb639,51262722966076767319162685855908154462912050805945788358340042713022639803672,0x28b217a6d5cf6baa5c1366d6cacf972bca4bc69565a3dd216e403ed5be518be2,btc-updown-5m-1775728800,BUY,Down,0.6899999666800687,7.042136,4.859073605356512,,1775729009,2026-04-09T10:03:29+00:00,,,data-api,2026-04-10T11:27:57.413931+00:00,False,1,1,2026-04-10T11:27:57.446164+00:00
124,0xfd3fd0f731a19038872fc249978ae127ba0b4ffef415d24e611f56bc168cb0ba,85858051117769642383239445351251119514857250791156136263838379236787588079957,0xa0731bfb967995fdffe28e63e3600c49ae26169cd5ba7a86848070fc295e8d9e,btc-updown-5m-1775729700,BUY,Up,0.68,9.03688,6.1450784,,1775729873,2026-04-09T10:17:53+00:00,,,data-api,2026-04-10T11:27:57.413929+00:00,True,1,3,2026-04-10T11:27:57.446164+00:00
123,0x0daa491ce73ae48032dbbd5e535e005cc99cb9418a656c22bc7c177fc83538b8,85858051117769642383239445351251119514857250791156136263838379236787588079957,0xa0731bfb967995fdffe28e63e3600c49ae26169cd5ba7a86848070fc295e8d9e,btc-updown-5m-1775729700,BUY,Up,0.65,9.0169,5.860985,,1775729875,2026-04-09T10:17:55+00:00,,,data-api,2026-04-10T11:27:57.413927+00:00,True,3,3,2026-04-10T11:27:57.446164+00:00
122,0xa221d848cb00cda666031a5420c2cd9ff14da92b1bfa81de2dd17a104fb10d54,85858051117769642383239445351251119514857250791156136263838379236787588079957,0xa0731bfb967995fdffe28e63e3600c49ae26169cd5ba7a86848070fc295e8d9e,btc-updown-5m-1775729700,BUY,Up,0.6899999672007,8.048153,5.5532253060262144,,1775729875,2026-04-09T10:17:55+00:00,,,data-api,2026-04-10T11:27:57.413925+00:00,True,2,3,2026-04-10T11:27:57.446164+00:00
121,0x91d22fca2838364595d960188dcd66ed9b6fdea94cf899a3cbc72275b89e90a3,24886079018767967554783659122898247603559913477687726313426004850459001018197,0x3eeff5cfc9ca98b33432201e3642b53ec265051142b1b9b0ee9ba1764102f6e5,btc-updown-5m-1775730600,BUY,Down,0.6099999722727248,11.917974000000001,7.269963809547056,,1775730807,2026-04-09T10:33:27+00:00,,,data-api,2026-04-10T11:27:57.413923+00:00,True,1,3,2026-04-10T11:27:57.446164+00:00
120,0x576b91b23c1fbe9a2465f2231e1157b696636a01c3ddbee60e6dca1606c85167,24886079018767967554783659122898247603559913477687726313426004850459001018197,0x3eeff5cfc9ca98b33432201e3642b53ec265051142b1b9b0ee9ba1764102f6e5,btc-updown-5m-1775730600,BUY,Down,0.6199999825352068,11.138300000000001,6.905745805471895,,1775730809,2026-04-09T10:33:29+00:00,,,data-api,2026-04-10T11:27:57.413922+00:00,True,3,3,2026-04-10T11:27:57.446164+00:00
119,0xaa7e8c460333b1433fabec92047c88fc28f3eac70e594bf108597946d9bde8b6,24886079018767967554783659122898247603559913477687726313426004850459001018197,0x3eeff5cfc9ca98b33432201e3642b53ec265051142b1b9b0ee9ba1764102f6e5,btc-updown-5m-1775730600,BUY,Down,0.63,10.70696,6.7453848,,1775730809,2026-04-09T10:33:29+00:00,,,data-api,2026-04-10T11:27:57.413920+00:00,True,2,3,2026-04-10T11:27:57.446164+00:00
118,0x346eeb8a453f9ba6c1e6a0d40fea425e2eee497a9babb25d99ccdb8f3153e2fe,44320755639532826314037789585873626242770211332986316530074063253068387836895,0x1c5cd5dc85b0d11e798c89852d65d992ce8a557a3b7363e5fd1ca2c8d6c01544,btc-updown-5m-1775730900,BUY,Up,0.6199999729075597,9.334213,5.787211807113391,,1775731107,2026-04-09T10:38:27+00:00,,,data-api,2026-04-10T11:27:57.413917+00:00,True,1,3,2026-04-10T11:27:57.446164+00:00
117,0x06fe349235199c4baeca383e6080019986256e6d2383646b0d5fad21da3eb4e6,44320755639532826314037789585873626242770211332986316530074063253068387836895,0x1c5cd5dc85b0d11e798c89852d65d992ce8a557a3b7363e5fd1ca2c8d6c01544,btc-updown-5m-1775730900,BUY,Up,0.64,8.64496,5.5327744,,1775731109,2026-04-09T10:38:29+00:00,,,data-api,2026-04-10T11:27:57.413915+00:00,True,3,3,2026-04-10T11:27:57.446164+00:00
116,0xf03fa01425172e0109f9cd40fe7633c340fca2f24773cd5cb375ed84afcc8989,44320755639532826314037789585873626242770211332986316530074063253068387836895,0x1c5cd5dc85b0d11e798c89852d65d992ce8a557a3b7363e5fd1ca2c8d6c01544,btc-updown-5m-1775730900,BUY,Up,0.65,8.5295,5.544175000000001,,1775731109,2026-04-09T10:38:29+00:00,,,data-api,2026-04-10T11:27:57.413913+00:00,True,2,3,2026-04-10T11:27:57.446164+00:00
115,0x70683faac0f223205e27a1139dccefd27b8e2bbf283a9f4523be33efaf00dfd2,68504398786972065731355903703319177880205257971441240872410379245049616465514,0xa8aa215ba1c6b3e743c2f52e8f2939bd6f8ff0df12d16dfe2f1b5cf5c6831af8,btc-updown-5m-1775733600,BUY,Up,0.55,13.75752,7.566636,,1775733793,2026-04-09T11:23:13+00:00,,,data-api,2026-04-10T11:27:57.413911+00:00,True,1,3,2026-04-10T11:27:57.446164+00:00
114,0x59798aa3c23cd027d2a0814bbdba66a03b087f314a21dc47b24603263afd0af6,68504398786972065731355903703319177880205257971441240872410379245049616465514,0xa8aa215ba1c6b3e743c2f52e8f2939bd6f8ff0df12d16dfe2f1b5cf5c6831af8,btc-updown-5m-1775733600,BUY,Up,0.5099999843277834,14.773464,7.534466408467072,,1775733795,2026-04-09T11:23:15+00:00,,,data-api,2026-04-10T11:27:57.413909+00:00,True,2,3,2026-04-10T11:27:57.446164+00:00
113,0x1014d13a57bdfd94e131fd8ba55ae67e2f6c358d3c09a16de7bedbb0a4dd4fe3,68504398786972065731355903703319177880205257971441240872410379245049616465514,0xa8aa215ba1c6b3e743c2f52e8f2939bd6f8ff0df12d16dfe2f1b5cf5c6831af8,btc-updown-5m-1775733600,BUY,Up,0.51,11.09428,5.6580828,,1775733797,2026-04-09T11:23:17+00:00,,,data-api,2026-04-10T11:27:57.413907+00:00,True,3,3,2026-04-10T11:27:57.446164+00:00
112,0xb90985f0369badaf1cc99a561df16b40abc0590befc905acee07083b3a8889f3,111203437243047730105643989324878263666071444773759102173151266440472751773109,0x4f9cdc270de43c24baf901f4b3d0b534e86396f3896fc104adc6c3457517e2e1,btc-updown-5m-1775736300,BUY,Down,0.5299999752422114,10.536619,5.584407809136614,,1775736505,2026-04-09T12:08:25+00:00,,,data-api,2026-04-10T11:27:57.413905+00:00,True,1,3,2026-04-10T11:27:57.446164+00:00
111,0x3277166b274c665d662d05c75d8e7c816f709e293d9565d5b1c4a2833e23b2d7,111203437243047730105643989324878263666071444773759102173151266440472751773109,0x4f9cdc270de43c24baf901f4b3d0b534e86396f3896fc104adc6c3457517e2e1,btc-updown-5m-1775736300,BUY,Down,0.51,8.20012,4.1820612,,1775736509,2026-04-09T12:08:29+00:00,,,data-api,2026-04-10T11:27:57.413903+00:00,True,3,3,2026-04-10T11:27:57.446164+00:00
110,0xfa1eeceb25ac285dcbb98bb3c4144db3379c38caaa67356fe5b23b434f37a845,111203437243047730105643989324878263666071444773759102173151266440472751773109,0x4f9cdc270de43c24baf901f4b3d0b534e86396f3896fc104adc6c3457517e2e1,btc-updown-5m-1775736300,BUY,Down,0.5099999973063376,10.744333,5.479609801058394,,1775736509,2026-04-09T12:08:29+00:00,,,data-api,2026-04-10T11:27:57.413901+00:00,True,2,3,2026-04-10T11:27:57.446164+00:00
109,0x522a33127f1c83715ac90d38c33f73dd5e01a65d4270d226187135be795e017f,63204751203465795500627835049239289141188623402098389987298307683406528308977,0x5b1f735dbb94074a3227058f51e0aa6a0ea7c03239ab1d49b5de8c5327c9cab4,btc-updown-5m-1775742000,BUY,Up,0.559999980235289,5.879087,3.2922886038015444,,1775742239,2026-04-09T13:43:59+00:00,,,data-api,2026-04-10T11:27:57.413897+00:00,True,1,3,2026-04-10T11:27:57.446164+00:00
108,0x6423148db8657e6ecc9a9c1d165d9b6dc04f9e456663815d9f92b320dd98f96c,63204751203465795500627835049239289141188623402098389987298307683406528308977,0x5b1f735dbb94074a3227058f51e0aa6a0ea7c03239ab1d49b5de8c5327c9cab4,btc-updown-5m-1775742000,BUY,Up,0.5099999525915403,6.715213,3.4247583116420954,,1775742241,2026-04-09T13:44:01+00:00,,,data-api,2026-04-10T11:27:57.413896+00:00,True,3,3,2026-04-10T11:27:57.446164+00:00
107,0x45943e6aa58c3a05d4fa9bd0d3dccedbab0ca29b53ad261e7dc9c5f86ed26418,63204751203465795500627835049239289141188623402098389987298307683406528308977,0x5b1f735dbb94074a3227058f51e0aa6a0ea7c03239ab1d49b5de8c5327c9cab4,btc-updown-5m-1775742000,BUY,Up,0.52,4.8272,2.5101440000000004,,1775742241,2026-04-09T13:44:01+00:00,,,data-api,2026-04-10T11:27:57.413894+00:00,True,2,3,2026-04-10T11:27:57.446164+00:00
106,0x2b87eff30927e3e6087f2de63d20d91854f95e74af5336a6d7108028aaaff330,26234668233957926045514561224743568275592985136699738072205391003623153995032,0x4111b7a1fc0c46c8186eb1beb051a3696426785c8806143d0e861673db9e9580,btc-updown-5m-1775745600,BUY,Up,0.6499999617646969,5.0989580000000005,3.3143225050397955,,1775745755,2026-04-09T14:42:35+00:00,,,data-api,2026-04-10T11:27:57.413892+00:00,True,1,3,2026-04-10T11:27:57.446164+00:00
105,0x11331e23714fc6bd10ca852e09cd14a6f3399aa5a7ea2b881547ef2d5caf4c3e,26234668233957926045514561224743568275592985136699738072205391003623153995032,0x4111b7a1fc0c46c8186eb1beb051a3696426785c8806143d0e861673db9e9580,btc-updown-5m-1775745600,BUY,Up,0.6799999693521054,5.100307,3.4682086036863287,,1775745759,2026-04-09T14:42:39+00:00,,,data-api,2026-04-10T11:27:57.413890+00:00,True,3,3,2026-04-10T11:27:57.446164+00:00
104,0x9ca2fcdd435df1966e1e99e58f70eed4da029154a52ecad9fcc48c5372068adc,26234668233957926045514561224743568275592985136699738072205391003623153995032,0x4111b7a1fc0c46c8186eb1beb051a3696426785c8806143d0e861673db9e9580,btc-updown-5m-1775745600,BUY,Up,0.67,4.8812,3.270404,,1775745759,2026-04-09T14:42:39+00:00,,,data-api,2026-04-10T11:27:57.413888+00:00,True,2,3,2026-04-10T11:27:57.446164+00:00
103,0x5340df9cbaa3a1c7d2296ed789bc2a5082517f121d6a29b6b8cc44a2b59add74,91556628509189164170904394316424414931333380019152867058460922059673976275822,0x3580a827fc9be29203ed2848b8cfdb00263ba2d860812acd64b62b550168732a,btc-updown-5m-1775749500,BUY,Up,0.559999980235289,5.879087,3.2922886038015444,,1775749667,2026-04-09T15:47:47+00:00,,,data-api,2026-04-10T11:27:57.413886+00:00,True,1,3,2026-04-10T11:27:57.446164+00:00
102,0x413a17e3fc4ecddfdf7bca67052fdfe5c9ab5808122782d886ae4427572ab318,91556628509189164170904394316424414931333380019152867058460922059673976275822,0x3580a827fc9be29203ed2848b8cfdb00263ba2d860812acd64b62b550168732a,btc-updown-5m-1775749500,BUY,Up,0.54,4.8344,2.610576,,1775749671,2026-04-09T15:47:51+00:00,,,data-api,2026-04-10T11:27:57.413884+00:00,True,3,3,2026-04-10T11:27:57.446164+00:00
101,0xac7216dbd6bd8aefb2dad635d1732c4926b03b627b3530468b0eab609af33ef7,91556628509189164170904394316424414931333380019152867058460922059673976275822,0x3580a827fc9be29203ed2848b8cfdb00263ba2d860812acd64b62b550168732a,btc-updown-5m-1775749500,BUY,Up,0.5499999690140775,6.245424,3.434983006479776,,1775749671,2026-04-09T15:47:51+00:00,,,data-api,2026-04-10T11:27:57.413882+00:00,True,2,3,2026-04-10T11:27:57.446164+00:00
100,0x735564ca0664b88f075559b178fff8ea833cf800df053199fb9b5906e1b974d3,59175848061953702346199133996594883813739865581076984444096083527218146655775,0x0adb01e1fb6b170984836531c089acf1b98df218969f22fe80027c2be4a02fb6,btc-updown-5m-1775754300,BUY,Up,0.6099999838529369,5.4172590000000005,3.304527902527177,,1775754507,2026-04-09T17:08:27+00:00,,,data-api,2026-04-10T11:27:57.413879+00:00,True,1,3,2026-04-10T11:27:57.446164+00:00
99,0x8c208ddc1a49776513d79ba77c94f694192f1ccebc16e729f77b61f98d25b31f,59175848061953702346199133996594883813739865581076984444096083527218146655775,0x0adb01e1fb6b170984836531c089acf1b98df218969f22fe80027c2be4a02fb6,btc-updown-5m-1775754300,BUY,Up,0.6299999396619436,5.484808,3.4554287090573452,,1775754509,2026-04-09T17:08:29+00:00,,,data-api,2026-04-10T11:27:57.413877+00:00,True,3,3,2026-04-10T11:27:57.446164+00:00
98,0x7eccd99b96351874ba3c22efbb7f9c6da23a0b31a336b7e4af9fdd7984d67d93,59175848061953702346199133996594883813739865581076984444096083527218146655775,0x0adb01e1fb6b170984836531c089acf1b98df218969f22fe80027c2be4a02fb6,btc-updown-5m-1775754300,BUY,Up,0.64,4.8704,3.1170560000000003,,1775754509,2026-04-09T17:08:29+00:00,,,data-api,2026-04-10T11:27:57.413875+00:00,True,2,3,2026-04-10T11:27:57.446164+00:00
97,0x6fdfa39eaa0a08a64c9cbdfe4174fc84f860c157f137d386ea0e8fb51bfbdb5e,65363668164400684513111899717214804101179078418182676896701486381256962299179,0x83bbe61c1ed0106020f4fae9863146196db91f055805004881d72495767b2644,btc-updown-5m-1775754600,BUY,Down,0.68,4.8848,3.3216640000000006,,1775754805,2026-04-09T17:13:25+00:00,,,data-api,2026-04-10T11:27:57.413874+00:00,True,1,2,2026-04-10T11:27:57.446164+00:00
96,0x92c739b2d44fcb6753005d1e72f49cc7c33951987067f08970edb2aa57c3edd1,65363668164400684513111899717214804101179078418182676896701486381256962299179,0x83bbe61c1ed0106020f4fae9863146196db91f055805004881d72495767b2644,btc-updown-5m-1775754600,BUY,Down,0.6699999962253511,5.172616,3.4656527004751907,,1775754809,2026-04-09T17:13:29+00:00,,,data-api,2026-04-10T11:27:57.413872+00:00,True,2,2,2026-04-10T11:27:57.446164+00:00
95,0xfe67bb44b95c6d6ff3f99809f521ecbcc4fe55e349e6912393563e780009334d,59662735935109689201018461701147797424693059223424682823435844051987717344818,0x6e0708874b80df82f8b475a7123331e02dc16ccb0753dbb57bc5f0ee66d25e1a,btc-updown-5m-1775754900,BUY,Up,0.68,4.8848,3.3216640000000006,,1775755059,2026-04-09T17:17:39+00:00,,,data-api,2026-04-10T11:27:57.413870+00:00,False,1,1,2026-04-10T11:27:57.446164+00:00
94,0x7eb02802397d80b8738384a7ad87761bca05dcc1b307d6612c2a2c8a897510f5,86596203655776759474834525205723574184546287331981790413131458258920470336989,0x433d1b628a6133dde16d8bb78f07abcf00bac616eabcde6d9dbb992051ca2b2b,btc-updown-5m-1775756400,BUY,Up,0.6,5.503475,3.302085,,1775756617,2026-04-09T17:43:37+00:00,,,data-api,2026-04-10T11:27:57.413868+00:00,True,1,3,2026-04-10T11:27:57.446164+00:00
93,0xd70511fba76e7e39d8359634c9a3e78aac4ac10efac9b63509480d73c3bfe213,86596203655776759474834525205723574184546287331981790413131458258920470336989,0x433d1b628a6133dde16d8bb78f07abcf00bac616eabcde6d9dbb992051ca2b2b,btc-updown-5m-1775756400,BUY,Up,0.5799999934647869,5.935608,3.442652601209537,,1775756623,2026-04-09T17:43:43+00:00,,,data-api,2026-04-10T11:27:57.413865+00:00,True,2,3,2026-04-10T11:27:57.446164+00:00
92,0x05630ade216ab73dddd976bf96b49bfc6b683865fc6df9b59cef4d8cd24ae957,86596203655776759474834525205723574184546287331981790413131458258920470336989,0x433d1b628a6133dde16d8bb78f07abcf00bac616eabcde6d9dbb992051ca2b2b,btc-updown-5m-1775756400,BUY,Up,0.55,4.838,2.6609000000000003,,1775756627,2026-04-09T17:43:47+00:00,,,data-api,2026-04-10T11:27:57.413863+00:00,True,3,3,2026-04-10T11:27:57.446164+00:00
91,0x3657e31c1281b4054cffa5402fd5efa1ef84fd7e8654e86cb304f57ff64b007b,59731280105278984031265759329382718569391701332101792017942707452614043436513,0x1a574bcfffaafeb61ee716d6fd44059f5140900b278d9df7aaa44b9b65ceb98f,btc-updown-5m-1775760300,BUY,Down,0.5199999813731294,6.219666,3.2342262041470864,,1775760463,2026-04-09T18:47:43+00:00,,,data-api,2026-04-10T11:27:57.413861+00:00,True,1,3,2026-04-10T11:27:57.446164+00:00
90,0x37d7a9ed772a9a623b022e0f66b1f54e7718913892efc5529608287829348647,59731280105278984031265759329382718569391701332101792017942707452614043436513,0x1a574bcfffaafeb61ee716d6fd44059f5140900b278d9df7aaa44b9b65ceb98f,btc-updown-5m-1775760300,BUY,Down,0.5399999691428501,6.26682,3.384082606623796,,1775760467,2026-04-09T18:47:47+00:00,,,data-api,2026-04-10T11:27:57.413859+00:00,True,2,3,2026-04-10T11:27:57.446164+00:00
89,0xdf798d6f994523d4ffd8511972bf4e12537d9809362ec8497433a78b0996d16f,59731280105278984031265759329382718569391701332101792017942707452614043436513,0x1a574bcfffaafeb61ee716d6fd44059f5140900b278d9df7aaa44b9b65ceb98f,btc-updown-5m-1775760300,BUY,Down,0.54,4.8344,2.610576,,1775760469,2026-04-09T18:47:49+00:00,,,data-api,2026-04-10T11:27:57.413857+00:00,True,3,3,2026-04-10T11:27:57.446164+00:00
88,0x88b3746c8da290eedb5382da76487dae06fe9bba90a111bffd2775fa7a836377,89206024565478930165836382975471968122856261348702312748024368988699384488567,0x0d20e82480747b00cac452a53d7eb5782bcd9d2697d32ad39ad63c6e12840896,btc-updown-5m-1775772600,BUY,Up,0.6599999534117543,5.025414,3.3167730058747775,,1775772757,2026-04-09T22:12:37+00:00,,,data-api,2026-04-10T11:27:57.413854+00:00,True,1,3,2026-04-10T11:27:57.446164+00:00
87,0x80b988ff8040c59aa4a56e69f595b3e3829ac5b073bb628b8b3b8ef421c5df95,89206024565478930165836382975471968122856261348702312748024368988699384488567,0x0d20e82480747b00cac452a53d7eb5782bcd9d2697d32ad39ad63c6e12840896,btc-updown-5m-1775772600,BUY,Up,0.6699999962253511,5.172616,3.4656527004751907,,1775772759,2026-04-09T22:12:39+00:00,,,data-api,2026-04-10T11:27:57.413852+00:00,True,3,3,2026-04-10T11:27:57.446164+00:00
86,0x4b1b593799e0e00c1f7801b1a113dad1b809e4e2c363df851dbb507453b7a942,89206024565478930165836382975471968122856261348702312748024368988699384488567,0x0d20e82480747b00cac452a53d7eb5782bcd9d2697d32ad39ad63c6e12840896,btc-updown-5m-1775772600,BUY,Up,0.67,4.8812,3.270404,,1775772759,2026-04-09T22:12:39+00:00,,,data-api,2026-04-10T11:27:57.413850+00:00,True,2,3,2026-04-10T11:27:57.446164+00:00
85,0xc6da1623d80fe48be565a48cdb03bca69d752a42cc7e6c8650f783aedcfc8bce,87969112884343305190289191235211456779265131948021352640227414286284516015629,0x2bd06713327d38aeb03a515a6e859bcb088df933cea4facf7f0f854369871642,btc-updown-5m-1775776800,BUY,Up,0.5599999936901391,6.138464,3.437539801267146,,1775776965,2026-04-09T23:22:45+00:00,,,data-api,2026-04-10T11:27:57.413848+00:00,True,1,2,2026-04-10T11:27:57.446164+00:00
84,0xe30a2a86b04de8e320f324da87d5d3dc68eec81073f13adab3b540002a82c462,87969112884343305190289191235211456779265131948021352640227414286284516015629,0x2bd06713327d38aeb03a515a6e859bcb088df933cea4facf7f0f854369871642,btc-updown-5m-1775776800,BUY,Up,0.55,4.838,2.6609000000000003,,1775776967,2026-04-09T23:22:47+00:00,,,data-api,2026-04-10T11:27:57.413845+00:00,True,2,2,2026-04-10T11:27:57.446164+00:00
83,0x3371aded0209035b7f427aae638c487845e7dd9ace4e0499f26b6a669dade3e9,10548615405885925981140251577278512110261271686089792914973297767680150038941,0x36d9a1e64ff9cb8e65988c6b8df915af78f2c6390e9a49a93e82111a68870c3f,btc-updown-5m-1775779800,BUY,Up,0.5399999361126656,6.356343,3.432424813910189,,1775779963,2026-04-10T00:12:43+00:00,,,data-api,2026-04-10T11:27:57.413843+00:00,True,1,2,2026-04-10T11:27:57.446164+00:00
82,0xb9e1b9254b775dd45252f0e52a37a06ad2cf6859b2c6f5dfadad7fa4824f0980,10548615405885925981140251577278512110261271686089792914973297767680150038941,0x36d9a1e64ff9cb8e65988c6b8df915af78f2c6390e9a49a93e82111a68870c3f,btc-updown-5m-1775779800,BUY,Up,0.49,4.8164,2.360036,,1775779965,2026-04-10T00:12:45+00:00,,,data-api,2026-04-10T11:27:57.413841+00:00,True,2,2,2026-04-10T11:27:57.446164+00:00
81,0xd1065c7ba6bf70f3a7b9c4cd95aa3a6855bb58263ed0bcf22825ed1aae40a2a0,43734594862057507512537736805567559015026457907571238394760195359977372805321,0x08ef2a37864b5ff4232afa725eccddd7776124889a033814fc0a4ffc7fbf430f,btc-updown-5m-1775780100,BUY,Down,0.5,6.4588,3.2294,,1775780259,2026-04-10T00:17:39+00:00,,,data-api,2026-04-10T11:27:57.413839+00:00,True,1,3,2026-04-10T11:27:57.446164+00:00
80,0xf0caf9040b9265875099f3821a118c5bbf32e019a6b21a240288ac69238a3948,43734594862057507512537736805567559015026457907571238394760195359977372805321,0x08ef2a37864b5ff4232afa725eccddd7776124889a033814fc0a4ffc7fbf430f,btc-updown-5m-1775780100,BUY,Down,0.509999935885704,6.620634,3.3765229155227123,,1775780261,2026-04-10T00:17:41+00:00,,,data-api,2026-04-10T11:27:57.413837+00:00,True,3,3,2026-04-10T11:27:57.446164+00:00
79,0xcf9580783f14ba43d54bce9909448ff9fb6b98770e66fdd5a85c98cfa7bc178c,43734594862057507512537736805567559015026457907571238394760195359977372805321,0x08ef2a37864b5ff4232afa725eccddd7776124889a033814fc0a4ffc7fbf430f,btc-updown-5m-1775780100,BUY,Down,0.52,4.8272,2.5101440000000004,,1775780261,2026-04-10T00:17:41+00:00,,,data-api,2026-04-10T11:27:57.413835+00:00,True,2,3,2026-04-10T11:27:57.446164+00:00
78,0x8b8c46b26ea146cdcb79f2f6db43fd3ceec4c3eac00764641b1877b885c9a305,83064594802181136804860216658975965546435528966623616437009050103858887734354,0x335c386c82c5741baac4a14a4b7b8589c5df066e74aa6f413b9e7c6d3e25c92c,btc-updown-5m-1775780700,BUY,Up,0.5717599280254938,5.7632,3.295166817196526,,1775780857,2026-04-10T00:27:37+00:00,,,data-api,2026-04-10T11:27:57.413833+00:00,True,1,3,2026-04-10T11:27:57.446164+00:00
77,0x6a4ae5b0b94b9bfaecd3d5cb8e8c30245555595a135fee809cebaaee9aee0413,83064594802181136804860216658975965546435528966623616437009050103858887734354,0x335c386c82c5741baac4a14a4b7b8589c5df066e74aa6f413b9e7c6d3e25c92c,btc-updown-5m-1775780700,BUY,Up,0.6,5.746275,3.447765,,1775780859,2026-04-10T00:27:39+00:00,,,data-api,2026-04-10T11:27:57.413829+00:00,True,3,3,2026-04-10T11:27:57.446164+00:00
76,0xe87109b85c4cfa3f9f9d6302672373b393dbde919e4f7a030f4c7472b003ff9e,83064594802181136804860216658975965546435528966623616437009050103858887734354,0x335c386c82c5741baac4a14a4b7b8589c5df066e74aa6f413b9e7c6d3e25c92c,btc-updown-5m-1775780700,BUY,Up,0.57,4.8452,2.761764,,1775780859,2026-04-10T00:27:39+00:00,,,data-api,2026-04-10T11:27:57.413827+00:00,True,2,3,2026-04-10T11:27:57.446164+00:00
75,0x1a4a5ec9a6606738dca7728771fd1e884ff1fb49a7e374bcc5b0d0b421189767,80355296342278370307969109015626137490375620389198701255212517612525234936989,0x6ab32e209abd7d9c6d51e5e303746df2ff0a8f8baefc2ddbf7e5e61fbefa3777,btc-updown-5m-1775782500,BUY,Down,0.5299999547941082,6.1980129999999996,3.2849466098132947,,1775782703,2026-04-10T00:58:23+00:00,,,data-api,2026-04-10T11:27:57.413825+00:00,True,1,3,2026-04-10T11:27:57.446164+00:00
74,0x7471b4b61f832bfe5a1dd567192ad1249f2bc9e1d5c63c6497f9b871b56aff59,80355296342278370307969109015626137490375620389198701255212517612525234936989,0x6ab32e209abd7d9c6d51e5e303746df2ff0a8f8baefc2ddbf7e5e61fbefa3777,btc-updown-5m-1775782500,BUY,Down,0.5899999468168913,5.839328,3.445203209446384,,1775782705,2026-04-10T00:58:25+00:00,,,data-api,2026-04-10T11:27:57.413823+00:00,True,3,3,2026-04-10T11:27:57.446164+00:00
73,0x49dfd98d92cd1853b86e0d8f2c0c0a32a098a767b920886e2f70254a8b65717e,80355296342278370307969109015626137490375620389198701255212517612525234936989,0x6ab32e209abd7d9c6d51e5e303746df2ff0a8f8baefc2ddbf7e5e61fbefa3777,btc-updown-5m-1775782500,BUY,Down,0.61,4.8596,2.964356,,1775782705,2026-04-10T00:58:25+00:00,,,data-api,2026-04-10T11:27:57.413821+00:00,True,2,3,2026-04-10T11:27:57.446164+00:00
72,0x8c041a323ec8aeff9e8544ee68c6840d86323c7337f0351fa2572b62e9e4cd18,75317099123018797430578810385150498202870353544703205313060778516506539575287,0x64de6748ada447e47b5e1465064f5e12b5797e5522839ac27ed30aa5cbe4dcc5,btc-updown-5m-1775783100,BUY,Down,0.34,4.7624,1.6192160000000002,,1775783311,2026-04-10T01:08:31+00:00,,,data-api,2026-04-10T11:27:57.413819+00:00,False,1,1,2026-04-10T11:27:57.446164+00:00
71,0x73c599c31a69ee332e6bfe3970fc1d3e4a8839ecf776ab1f3f47c79953e41f8b,29727883220724601374524263272673785986990613524420404076735093892595678034096,0x7b131dbf5f402ee9c8fb8d4a8c1ec624ca40b53d6864c6e60d9fa560e59def5e,btc-updown-5m-1775783700,BUY,Down,0.6299999777647002,5.253054,3.309423903196769,,1775783905,2026-04-10T01:18:25+00:00,,,data-api,2026-04-10T11:27:57.413817+00:00,True,1,2,2026-04-10T11:27:57.446164+00:00
70,0xef3f570adfc2b5c2d1385e28429ea92b5ba5b3afada7358d2a3b574875f88030,29727883220724601374524263272673785986990613524420404076735093892595678034096,0x7b131dbf5f402ee9c8fb8d4a8c1ec624ca40b53d6864c6e60d9fa560e59def5e,btc-updown-5m-1775783700,BUY,Down,0.6899998172957201,5.0300959999999995,3.470765320979932,,1775783907,2026-04-10T01:18:27+00:00,,,data-api,2026-04-10T11:27:57.413815+00:00,True,2,2,2026-04-10T11:27:57.446164+00:00
69,0xcdde6580cc19d65264b51e3b35f87b7ae2eb27a61c22a6c0b905bf7925732a36,18655811363413321429764956250961145281671122503313202887000482095182173416645,0x8576d5d0cf3e6d28aec5d1432a271929eb739a15d03ed1643ecb58db050b70fb,btc-updown-5m-1775785200,BUY,Up,0.38999996214705135,8.335057,3.2506719144935157,,1775785359,2026-04-10T01:42:39+00:00,,,data-api,2026-04-10T11:27:57.413813+00:00,True,1,3,2026-04-10T11:27:57.446164+00:00
68,0xf59f78a7f4c1fd8d6e681da3d19554e8597a7e838e687d77234267a0f206a711,18655811363413321429764956250961145281671122503313202887000482095182173416645,0x8576d5d0cf3e6d28aec5d1432a271929eb739a15d03ed1643ecb58db050b70fb,btc-updown-5m-1775785200,BUY,Up,0.37999994433802065,8.925074,3.3915276232127156,,1775785361,2026-04-10T01:42:41+00:00,,,data-api,2026-04-10T11:27:57.413812+00:00,True,3,3,2026-04-10T11:27:57.446164+00:00
67,0x5d0559b75664bf783e66c3c3a46d2a7c2a11cfe3b817e00cf831d8810302fb1e,18655811363413321429764956250961145281671122503313202887000482095182173416645,0x8576d5d0cf3e6d28aec5d1432a271929eb739a15d03ed1643ecb58db050b70fb,btc-updown-5m-1775785200,BUY,Up,0.37,4.7732,1.766084,,1775785361,2026-04-10T01:42:41+00:00,,,data-api,2026-04-10T11:27:57.413810+00:00,True,2,3,2026-04-10T11:27:57.446164+00:00
66,0x69091e9e188452a5561682ac4b75f9959ecf5c6b230a49b9bedeb4e3da1d7556,72692399481965347566892116616595236635899867841980794913082216501546424541942,0xf594b75c7cb844d0ef708f9d7eb2a0e291b7b902de40e0bb259d6bea040842ec,btc-updown-5m-1775785800,BUY,Up,0.5799998532940684,5.684806999999999,3.297187226005093,,1775785957,2026-04-10T01:52:37+00:00,,,data-api,2026-04-10T11:27:57.413808+00:00,True,1,3,2026-04-10T11:27:57.446164+00:00
65,0x6fefec7905b5bc547bd36c50f439b19fe7bcdaa4e31f25540a12333a3636ef4e,72692399481965347566892116616595236635899867841980794913082216501546424541942,0xf594b75c7cb844d0ef708f9d7eb2a0e291b7b902de40e0bb259d6bea040842ec,btc-updown-5m-1775785800,BUY,Up,0.5899999468168913,5.839328,3.445203209446384,,1775785959,2026-04-10T01:52:39+00:00,,,data-api,2026-04-10T11:27:57.413805+00:00,True,3,3,2026-04-10T11:27:57.446164+00:00
64,0xf82de6e4d9feee9c65cf607566fede68d8f2cbd337fc9fd5b3518036583be3c7,72692399481965347566892116616595236635899867841980794913082216501546424541942,0xf594b75c7cb844d0ef708f9d7eb2a0e291b7b902de40e0bb259d6bea040842ec,btc-updown-5m-1775785800,BUY,Up,0.57,4.8452,2.761764,,1775785959,2026-04-10T01:52:39+00:00,,,data-api,2026-04-10T11:27:57.413803+00:00,True,2,3,2026-04-10T11:27:57.446164+00:00
63,0x8700940fabddae454b811552613eb5c7dbdd56b4904bdc14cbd6a8b4ba6b152c,47157884626083744670193166900654504401715170415122101808942259857377171117336,0x0a15b85c383b35eb0f8ceb05ae7f084e69d30226af0c6a919a36245023f5f4fb,btc-updown-5m-1775786400,BUY,Down,0.71,4.8956,3.475876,,1775786637,2026-04-10T02:03:57+00:00,,,data-api,2026-04-10T11:27:57.413800+00:00,False,1,1,2026-04-10T11:27:57.446164+00:00
62,0x4832723887055fdab63c212a1675473905534f43c9d96026829d7b1ba6b17270,99393695190346882239937100470213050210344103420602900574849150518764252837641,0x24537d60c9fcde172e1b0962e87c6bc488f906eeea295b620bcfd27a0d177abd,btc-updown-5m-1775787900,BUY,Down,0.5099999774999944,6.431475,3.280052105291776,,1775788107,2026-04-10T02:28:27+00:00,,,data-api,2026-04-10T11:27:57.413798+00:00,True,1,3,2026-04-10T11:27:57.446164+00:00
61,0x2735ba1516eee0df3e66c1787c8eb8fed59210d36245c3fd1943480d9545a624,99393695190346882239937100470213050210344103420602900574849150518764252837641,0x24537d60c9fcde172e1b0962e87c6bc488f906eeea295b620bcfd27a0d177abd,btc-updown-5m-1775787900,BUY,Down,0.5199999355492856,6.590992,3.427315415205857,,1775788109,2026-04-10T02:28:29+00:00,,,data-api,2026-04-10T11:27:57.413796+00:00,True,2,3,2026-04-10T11:27:57.446164+00:00
60,0xacf4957a39859bd0896bb5ab19dd12640d88e95dc28b25d4350967c64be312d4,99393695190346882239937100470213050210344103420602900574849150518764252837641,0x24537d60c9fcde172e1b0962e87c6bc488f906eeea295b620bcfd27a0d177abd,btc-updown-5m-1775787900,BUY,Down,0.51,4.8236,2.460036,,1775788111,2026-04-10T02:28:31+00:00,,,data-api,2026-04-10T11:27:57.413794+00:00,True,3,3,2026-04-10T11:27:57.446164+00:00
59,0xac292d721fa757efb24440c036ee733575048e17d0609616976b8b436d516647,32088673572247781282479052558517245174405634692099470473100466729818149092877,0x96cf9d3e138194aba351eacde3e7ea9ac0c39eb596f453779ebb9f71427bd9bc,btc-updown-5m-1775788800,BUY,Down,0.6699999962253511,5.172616,3.4656527004751907,,1775789005,2026-04-10T02:43:25+00:00,,,data-api,2026-04-10T11:27:57.413791+00:00,False,1,1,2026-04-10T11:27:57.446164+00:00
58,0x9f4e5eba456ace76610b36204f4567b17e04364e3c3e37d2c5c7d3ae165f6394,79965678208160010869994133927973121539603435378292823422878822122647269964395,0xd29e54c5d1722c20762fb2c5407ddde6cc44ef0772fe851f8827d8242855c5d2,btc-updown-5m-1775790300,BUY,Up,0.5899998438234789,5.5926,3.2996331265671883,,1775790503,2026-04-10T03:08:23+00:00,,,data-api,2026-04-10T11:27:57.413789+00:00,True,1,3,2026-04-10T11:27:57.446164+00:00
57,0x9f145ceec023d95a28e9da9915b4d5d51de8669776cc89a1419dff37bcda8035,79965678208160010869994133927973121539603435378292823422878822122647269964395,0xd29e54c5d1722c20762fb2c5407ddde6cc44ef0772fe851f8827d8242855c5d2,btc-updown-5m-1775790300,BUY,Up,0.629999827859105,5.484809,3.45542872584007,,1775790505,2026-04-10T03:08:25+00:00,,,data-api,2026-04-10T11:27:57.413788+00:00,True,3,3,2026-04-10T11:27:57.446164+00:00
56,0x95c2b65f1dd96772a28df585902b50759f4e40d6d1cc0fe873e8523156d950a1,79965678208160010869994133927973121539603435378292823422878822122647269964395,0xd29e54c5d1722c20762fb2c5407ddde6cc44ef0772fe851f8827d8242855c5d2,btc-updown-5m-1775790300,BUY,Up,0.62,4.8632,3.015184,,1775790505,2026-04-10T03:08:25+00:00,,,data-api,2026-04-10T11:27:57.413785+00:00,True,2,3,2026-04-10T11:27:57.446164+00:00
55,0x4a7ca5e600e828e0182eca728ddc41dc8a3d4c636525d056d54a5c3663612790,43380586234253915441883095267679482817979287574362872769373043386175845167577,0xa27e18582fb03fc8d0020a3b9e841487b313734a7e157e8acd2abb9ab63c2693,btc-updown-5m-1775791200,BUY,Down,0.64,4.8704,3.1170560000000003,,1775791417,2026-04-10T03:23:37+00:00,,,data-api,2026-04-10T11:27:57.413783+00:00,False,1,1,2026-04-10T11:27:57.446164+00:00
54,0x636f1b24e0e408b9b1647f1e92a3ddfb879280d348386b00d9b2486833eee929,55760242495090339185654652389578623138159308593261746981913155998133579286266,0x216d4d378fad5c3244457e60ef979b4ddb20da711601de054033f61d096da3f6,btc-updown-5m-1775792700,BUY,Up,0.6799999693521054,5.100307,3.4682086036863287,,1775792859,2026-04-10T03:47:39+00:00,,,data-api,2026-04-10T11:27:57.413781+00:00,False,1,1,2026-04-10T11:27:57.446164+00:00
53,0x10cc17748faaebeb4eb04eb3264e3f429d7089b21f9bb97c25151842aef75ebf,67902809251156111599842006310517363609825558612178464102854838438236336720883,0x707c1173cd92c5e5b9ed78f8b78212b314c103162b6e164b50199757776cae40,btc-updown-5m-1775793000,BUY,Down,0.71,4.8956,3.475876,,1775793205,2026-04-10T03:53:25+00:00,,,data-api,2026-04-10T11:27:57.413779+00:00,False,1,1,2026-04-10T11:27:57.446164+00:00
52,0x6d335834adf599e3ddce84df75fc132f0dd81d498001edad162753810cabf0ed,103820657702403286633487153749625584104073153412144859054105017500282682709055,0x622d1d88c54180f3d3399117de16ea8dd6a088ff34d5c0408967d222a10b881d,btc-updown-5m-1775793300,BUY,Down,0.6299999396619436,5.484808,3.4554287090573452,,1775793527,2026-04-10T03:58:47+00:00,,,data-api,2026-04-10T11:27:57.413777+00:00,True,2,2,2026-04-10T11:27:57.446164+00:00
51,0xc5728bdb18d1c7cb5ce51ea971322fd838acf20007d3b15d100bc01bf1f0043b,103820657702403286633487153749625584104073153412144859054105017500282682709055,0x622d1d88c54180f3d3399117de16ea8dd6a088ff34d5c0408967d222a10b881d,btc-updown-5m-1775793300,BUY,Down,0.67,4.8812,3.270404,,1775793527,2026-04-10T03:58:47+00:00,,,data-api,2026-04-10T11:27:57.413774+00:00,True,1,2,2026-04-10T11:27:57.446164+00:00
50,0xe3143df642fbcc9de01de47c706e9af1cc4b69e00c0ba1949ee4d42845873b23,113451617903680979251912471438981373721757170439392821988594666832384042549886,0x5ffc5d59498e20480e09511e666ed831d551429475639c4e05cdf0f77a084d0b,btc-updown-5m-1775794200,BUY,Down,0.6699999842352852,4.954054,3.319216101900752,,1775794407,2026-04-10T04:13:27+00:00,,,data-api,2026-04-10T11:27:57.413772+00:00,True,1,3,2026-04-10T11:27:57.446164+00:00
49,0x3f68f1d79bdbcf109024d6f9c668e4fbcb3327844c394059bec28494435e7070,113451617903680979251912471438981373721757170439392821988594666832384042549886,0x5ffc5d59498e20480e09511e666ed831d551429475639c4e05cdf0f77a084d0b,btc-updown-5m-1775794200,BUY,Down,0.64,5.403105,3.4579872000000003,,1775794409,2026-04-10T04:13:29+00:00,,,data-api,2026-04-10T11:27:57.413770+00:00,True,3,3,2026-04-10T11:27:57.446164+00:00
48,0xe71b09aaebfd1bafc415a92196a17c0835b71b626200c3ab1a1ae35ba059cf8e,113451617903680979251912471438981373721757170439392821988594666832384042549886,0x5ffc5d59498e20480e09511e666ed831d551429475639c4e05cdf0f77a084d0b,btc-updown-5m-1775794200,BUY,Down,0.64944,4.8738,3.1652406720000004,,1775794409,2026-04-10T04:13:29+00:00,,,data-api,2026-04-10T11:27:57.413768+00:00,True,2,3,2026-04-10T11:27:57.446164+00:00
47,0x6973dcadabc4d756922d1592a485b8d8f853b64fcbdadc253278408a9b91deea,27592327222484615871715284159053685617512197269129825545583098894073796966188,0xc5dda370d2daf019a6f379318698b0e792624775522a2f8b4ca02185ba393a38,btc-updown-5m-1775795400,BUY,Down,0.5799999522352699,5.684806,3.297187208466776,,1775795607,2026-04-10T04:33:27+00:00,,,data-api,2026-04-10T11:27:57.413766+00:00,True,1,3,2026-04-10T11:27:57.446164+00:00
46,0x412b27bf5aaab93e3bb4a63094e7c45151388f0c146b55ab061324963980edcf,27592327222484615871715284159053685617512197269129825545583098894073796966188,0xc5dda370d2daf019a6f379318698b0e792624775522a2f8b4ca02185ba393a38,btc-updown-5m-1775795400,BUY,Down,0.5299999462535114,6.471452,3.429869212182179,,1775795609,2026-04-10T04:33:29+00:00,,,data-api,2026-04-10T11:27:57.413764+00:00,True,3,3,2026-04-10T11:27:57.446164+00:00
45,0x4d1303ec6476eac71ebdaf4f3e40386b91de015bbb3cdddad67b7e361b0d8697,27592327222484615871715284159053685617512197269129825545583098894073796966188,0xc5dda370d2daf019a6f379318698b0e792624775522a2f8b4ca02185ba393a38,btc-updown-5m-1775795400,BUY,Down,0.54,4.8344,2.610576,,1775795609,2026-04-10T04:33:29+00:00,,,data-api,2026-04-10T11:27:57.413763+00:00,True,2,3,2026-04-10T11:27:57.446164+00:00
44,0x5c59f5422cbb0b9efaaa9f317e938aa8bab7ece5a3d9feac2daf74fc08384bdb,69436841070640251345063760226161717474823278462648799765894128887537479455380,0x59067ef244a77966e6ad28d6c3e07849f7b61c768d9e01cddab5cb7a21c4aaec,btc-updown-5m-1775796000,BUY,Down,0.5014999954949985,5.671231,2.8441223209510955,,1775796219,2026-04-10T04:43:39+00:00,,,data-api,2026-04-10T11:27:57.413761+00:00,True,1,3,2026-04-10T11:27:57.446164+00:00
43,0x48898f91687eae97443cc6b52d678935043f6899320680c668fa2ca310325058,69436841070640251345063760226161717474823278462648799765894128887537479455380,0x59067ef244a77966e6ad28d6c3e07849f7b61c768d9e01cddab5cb7a21c4aaec,btc-updown-5m-1775796000,BUY,Down,0.55,4.838,2.6609000000000003,,1775796221,2026-04-10T04:43:41+00:00,,,data-api,2026-04-10T11:27:57.413759+00:00,True,3,3,2026-04-10T11:27:57.446164+00:00
42,0x9d83aa919905d03ee0b2e0879b245c7463c752b08dbd1f42fbd1c83550843e41,69436841070640251345063760226161717474823278462648799765894128887537479455380,0x59067ef244a77966e6ad28d6c3e07849f7b61c768d9e01cddab5cb7a21c4aaec,btc-updown-5m-1775796000,BUY,Down,0.5399999895483839,5.550609,2.9973288019871656,,1775796221,2026-04-10T04:43:41+00:00,,,data-api,2026-04-10T11:27:57.413756+00:00,True,2,3,2026-04-10T11:27:57.446164+00:00
41,0x26ab8b0bc10be7760eab416543130ad06c17631fa8358c092cf52fb0650d4165,22668872880618892239359964690827875599685390936722698383066416407860326668476,0x47901504e9c4b0592576e1240de4cbe945fdb6c25a23f54b7ba14612eadfcd9c,btc-updown-5m-1775796300,BUY,Up,0.6141117503093138,5.382630000000001,3.305536330567422,,1775796507,2026-04-10T04:48:27+00:00,,,data-api,2026-04-10T11:27:57.413754+00:00,True,1,3,2026-04-10T11:27:57.446164+00:00
40,0xd3edb77083029ab94a50d8c76a496304b878891473d0fc58f58fd979269223ba,22668872880618892239359964690827875599685390936722698383066416407860326668476,0x47901504e9c4b0592576e1240de4cbe945fdb6c25a23f54b7ba14612eadfcd9c,btc-updown-5m-1775796300,BUY,Up,0.6599999814084407,5.247115,3.4630958024479503,,1775796509,2026-04-10T04:48:29+00:00,,,data-api,2026-04-10T11:27:57.413752+00:00,True,3,3,2026-04-10T11:27:57.446164+00:00
39,0x14d1b8c245725fa428546cd1f299de8765a830340bfb1570f3cd946f9511fc6e,22668872880618892239359964690827875599685390936722698383066416407860326668476,0x47901504e9c4b0592576e1240de4cbe945fdb6c25a23f54b7ba14612eadfcd9c,btc-updown-5m-1775796300,BUY,Up,0.66,4.8776,3.2192160000000003,,1775796509,2026-04-10T04:48:29+00:00,,,data-api,2026-04-10T11:27:57.413750+00:00,True,2,3,2026-04-10T11:27:57.446164+00:00
38,0xde7d5a3992d5c086098e26d1b626e5978e8736fe4ee3c2604e0f5a74bc7accfd,45454676499959292198048634511627403576951934995717793119500596896292282508520,0x992390a6c1410e9c2d721b40c182bca7a465acaca9f06d609db87b40d10c4ef4,btc-updown-5m-1775797200,BUY,Down,0.5599999331342964,5.79263,3.2438724126717196,,1775797357,2026-04-10T05:02:37+00:00,,,data-api,2026-04-10T11:27:57.413748+00:00,True,1,3,2026-04-10T11:27:57.446164+00:00
37,0x51be9ebd0105d32d1001eac30ab31a75475b4652ece9873e78075766252ba2ad,45454676499959292198048634511627403576951934995717793119500596896292282508520,0x992390a6c1410e9c2d721b40c182bca7a465acaca9f06d609db87b40d10c4ef4,btc-updown-5m-1775797200,BUY,Down,0.5899999696571357,5.757092,3.396684105313339,,1775797359,2026-04-10T05:02:39+00:00,,,data-api,2026-04-10T11:27:57.413746+00:00,True,3,3,2026-04-10T11:27:57.446164+00:00
36,0xbad11118d325bb6af8d1c51dbb38955e16f96bea862ef07b441760b43975c74a,45454676499959292198048634511627403576951934995717793119500596896292282508520,0x992390a6c1410e9c2d721b40c182bca7a465acaca9f06d609db87b40d10c4ef4,btc-updown-5m-1775797200,BUY,Down,0.59,4.8524,2.862916,,1775797359,2026-04-10T05:02:39+00:00,,,data-api,2026-04-10T11:27:57.413744+00:00,True,2,3,2026-04-10T11:27:57.446164+00:00
35,0xfae6fd2a2f3488f6405ebf0529d0b6e79989e1ffc0cf48144021f06d16059ecf,107559417551156184123818132907022148093108656288430877359114173689519817535640,0x140c4fcedfe7eded199b0861859b46f8f84c9b7f5ba083612c9b7c41abf0f321,btc-updown-5m-1775798700,BUY,Up,0.6499999617646969,5.0989580000000005,3.3143225050397955,,1775798857,2026-04-10T05:27:37+00:00,,,data-api,2026-04-10T11:27:57.413742+00:00,True,1,3,2026-04-10T11:27:57.446164+00:00
34,0xa8b0228c3f87cac502a394cec41f7760e8e4e61948c0d201e6d0c75b3535634e,107559417551156184123818132907022148093108656288430877359114173689519817535640,0x140c4fcedfe7eded199b0861859b46f8f84c9b7f5ba083612c9b7c41abf0f321,btc-updown-5m-1775798700,BUY,Up,0.649999990845068,5.323907,3.4605395012599933,,1775798859,2026-04-10T05:27:39+00:00,,,data-api,2026-04-10T11:27:57.413740+00:00,True,3,3,2026-04-10T11:27:57.446164+00:00
33,0xbb2a8b059385202db7a8da53510294cbcef86d45b5d0a92d6a06c9ba8b4da7cd,107559417551156184123818132907022148093108656288430877359114173689519817535640,0x140c4fcedfe7eded199b0861859b46f8f84c9b7f5ba083612c9b7c41abf0f321,btc-updown-5m-1775798700,BUY,Up,0.62,4.8632,3.015184,,1775798859,2026-04-10T05:27:39+00:00,,,data-api,2026-04-10T11:27:57.413738+00:00,True,2,3,2026-04-10T11:27:57.446164+00:00
32,0x6f6c9f65d259f0e928359627491afa1ded88efece146859391a94603d066516f,58888367923929360355670407168465291577652145584764890015381343955999591368334,0x9a2c115ed654c3993c2b4394d99e68e90df3100dbac80041a4ba5eadeccdc372,btc-updown-5m-1775800800,BUY,Up,0.6999999605633603,4.961886,3.4733200043198895,,1775800993,2026-04-10T06:03:13+00:00,,,data-api,2026-04-10T11:27:57.413736+00:00,False,1,1,2026-04-10T11:27:57.446164+00:00
31,0xd488bc44b39ce2d20d6f14828e77d80794f3a5b13c2e042718c32d7a889dfb5e,12348652674966530342100680491523604701242046659550489777005662970376322971313,0x33a08c6552c5fb7ea424e89e21c54db59b6b6b52ba53417ceaa79fb3a82f9da9,btc-updown-5m-1775801100,BUY,Down,0.59,4.8524,2.862916,,1775801317,2026-04-10T06:08:37+00:00,,,data-api,2026-04-10T11:27:57.413734+00:00,True,2,2,2026-04-10T11:27:57.446164+00:00
30,0x1f48eddc74810dfd7b2d2c748b670559852dbb9485f85bb7d919b1240d9535d0,12348652674966530342100680491523604701242046659550489777005662970376322971313,0x33a08c6552c5fb7ea424e89e21c54db59b6b6b52ba53417ceaa79fb3a82f9da9,btc-updown-5m-1775801100,BUY,Down,0.6,5.017875,3.010725,,1775801317,2026-04-10T06:08:37+00:00,,,data-api,2026-04-10T11:27:57.413732+00:00,True,1,2,2026-04-10T11:27:57.446164+00:00
29,0x445a82d01210a892148fdd58dc89d5b48fec129a2767f465e1002f5560958283,74119378474949743161248305257561284583530519988304697749424918450408962272159,0xd9f48802c0ec2848b24c1e9f696a0877404ae22eb7016e5ce08fa02bf82e5d1b,btc-updown-5m-1775801400,BUY,Down,0.71,4.8956,3.475876,,1775801609,2026-04-10T06:13:29+00:00,,,data-api,2026-04-10T11:27:57.413730+00:00,False,1,1,2026-04-10T11:27:57.446164+00:00
28,0xf2335fe503cee075542cce5285a5acbc7473abf4a1863bc262b5540912453ec9,72496423999045961172534821574712299738476491675887908174107623663236304672841,0x59e7ebaa07d947a43de3feed2da8b3a236c909ee6d10136da14937f0b3f84d16,btc-updown-5m-1775802300,BUY,Down,0.6299999777647002,5.253054,3.309423903196769,,1775802517,2026-04-10T06:28:37+00:00,,,data-api,2026-04-10T11:27:57.413728+00:00,True,1,3,2026-04-10T11:27:57.446164+00:00
27,0xb3a518e33752d71b6c45cf3bd5d67fcea727f826f587a81d79df0d3a1edba685,72496423999045961172534821574712299738476491675887908174107623663236304672841,0x59e7ebaa07d947a43de3feed2da8b3a236c909ee6d10136da14937f0b3f84d16,btc-updown-5m-1775802300,BUY,Down,0.63,4.8668,3.0660839999999996,,1775802519,2026-04-10T06:28:39+00:00,,,data-api,2026-04-10T11:27:57.413726+00:00,True,3,3,2026-04-10T11:27:57.446164+00:00
26,0xf80458c3c76dff588c9fffac04a27186b69a446e4162cfa79d5190b639623740,72496423999045961172534821574712299738476491675887908174107623663236304672841,0x59e7ebaa07d947a43de3feed2da8b3a236c909ee6d10136da14937f0b3f84d16,btc-updown-5m-1775802300,BUY,Down,0.629999827859105,5.484809,3.45542872584007,,1775802519,2026-04-10T06:28:39+00:00,,,data-api,2026-04-10T11:27:57.413724+00:00,True,2,3,2026-04-10T11:27:57.446164+00:00
25,0xaa69e1f44736fc12cf8d4aef6e3f9f33ee0d67927fb1ccdf20f77bc01f5c2167,22365987191656521394370857848881607568173993128833623288987048049681504730049,0xfa08758fab80ba26fb5305bb8fc6f4c831c6a532d7a905acb671be3f4ddaf5af,btc-updown-5m-1775804400,BUY,Up,0.6999999605633603,4.961886,3.4733200043198895,,1775804633,2026-04-10T07:03:53+00:00,,,data-api,2026-04-10T11:27:57.413721+00:00,False,1,1,2026-04-10T11:27:57.446164+00:00
24,0x09766da495d72baecd875af80d9c1d71758d696f9e2835b3d4ec87277b0786ed,35527675676044783618970820184724098105756391457845975793404963875856083772252,0xccea6ffde2c65dc8dcd11608100d07f0a299dd8897a078277aac14ea5aecc549,btc-updown-5m-1775805000,BUY,Down,0.5199999355492856,6.590992,3.427315415205857,,1775805205,2026-04-10T07:13:25+00:00,,,data-api,2026-04-10T11:27:57.413720+00:00,True,2,2,2026-04-10T11:27:57.446164+00:00
23,0xcb4877c443588d875a6629148fce8762118737780fcc0147d56b0bb323f5e9fa,35527675676044783618970820184724098105756391457845975793404963875856083772252,0xccea6ffde2c65dc8dcd11608100d07f0a299dd8897a078277aac14ea5aecc549,btc-updown-5m-1775805000,BUY,Down,0.52,4.8272,2.5101440000000004,,1775805205,2026-04-10T07:13:25+00:00,,,data-api,2026-04-10T11:27:57.413718+00:00,True,1,2,2026-04-10T11:27:57.446164+00:00
22,0xf3166fb7f1846b908e82e0be66346f95f7ab01c79ca840b5d92ba67f1f7ced80,50803996275951291771440228094566208242705079405093022647380876134089906350489,0xcd8f66224b8edf72d7e0c9b6718c62ab22a3020d2a8ecca5cd4ba1b1df998259,btc-updown-5m-1775806800,BUY,Down,0.43999996894116955,7.415711,3.262912609676689,,1775807029,2026-04-10T07:43:49+00:00,,,data-api,2026-04-10T11:27:57.413716+00:00,True,1,3,2026-04-10T11:27:57.446164+00:00
21,0x9c4515c0ac8f1325de73a01e43d35ca0c46319c62a08f141d5fbdd70a330f6bf,50803996275951291771440228094566208242705079405093022647380876134089906350489,0xcd8f66224b8edf72d7e0c9b6718c62ab22a3020d2a8ecca5cd4ba1b1df998259,btc-updown-5m-1775806800,BUY,Down,0.42999998061971373,7.917002000000001,3.4043107065662355,,1775807033,2026-04-10T07:43:53+00:00,,,data-api,2026-04-10T11:27:57.413714+00:00,True,3,3,2026-04-10T11:27:57.446164+00:00
20,0x52b5b6ecc92b3a2c09c8f25cddb584a4ba200f1c11c8533ab79698b4ed3c0fff,50803996275951291771440228094566208242705079405093022647380876134089906350489,0xcd8f66224b8edf72d7e0c9b6718c62ab22a3020d2a8ecca5cd4ba1b1df998259,btc-updown-5m-1775806800,BUY,Down,0.44,4.7984,2.111296,,1775807033,2026-04-10T07:43:53+00:00,,,data-api,2026-04-10T11:27:57.413712+00:00,True,2,3,2026-04-10T11:27:57.446164+00:00
19,0xc3744d4658f38bd79e8f6c8aec1b4e6c95aa0bfdc5a6475563d697302dad3aae,75951339469113763829042825138303724828322532506578448122836824918613992595266,0xeb11124d773ba4454d854ee1e2700d4bccf47d1886f12d9ccd639e592789c6d4,btc-updown-5m-1775809200,BUY,Up,0.6,5.503475,3.302085,,1775809421,2026-04-10T08:23:41+00:00,,,data-api,2026-04-10T11:27:57.413709+00:00,True,1,3,2026-04-10T11:27:57.446164+00:00
18,0x231b454696b7f056680a547eb045a632af02cdd499904b812ff4c1a62bfc8da1,75951339469113763829042825138303724828322532506578448122836824918613992595266,0xeb11124d773ba4454d854ee1e2700d4bccf47d1886f12d9ccd639e592789c6d4,btc-updown-5m-1775809200,BUY,Up,0.6,5.746275,3.447765,,1775809423,2026-04-10T08:23:43+00:00,,,data-api,2026-04-10T11:27:57.413707+00:00,True,3,3,2026-04-10T11:27:57.446164+00:00
17,0x0100792c10caf537cefff5f484f87596b9c814600738c6a27ef1b72d18d3ef46,75951339469113763829042825138303724828322532506578448122836824918613992595266,0xeb11124d773ba4454d854ee1e2700d4bccf47d1886f12d9ccd639e592789c6d4,btc-updown-5m-1775809200,BUY,Up,0.59,4.8524,2.862916,,1775809423,2026-04-10T08:23:43+00:00,,,data-api,2026-04-10T11:27:57.413703+00:00,True,2,3,2026-04-10T11:27:57.446164+00:00
16,0x64d62a3bc6a93351864d6521c75a15ce8aab8746b62973d023dd16cdf682f7f1,38530751149259668646515245726736757117093328065473573815653493715937426054126,0x783f38a333bf2f7fd0c2b5cd2963729a1ab3c0f4f87b564a7cf212a215b14cfa,btc-updown-5m-1775810400,BUY,Up,0.609999946732384,5.656261,3.450318908704461,,1775810565,2026-04-10T08:42:45+00:00,,,data-api,2026-04-10T11:27:57.413701+00:00,True,2,2,2026-04-10T11:27:57.446164+00:00
15,0x04cd89688d47e06ba792c7db60687f0cf1c2a1a8c04166d4c48b3ab91b667e71,38530751149259668646515245726736757117093328065473573815653493715937426054126,0x783f38a333bf2f7fd0c2b5cd2963729a1ab3c0f4f87b564a7cf212a215b14cfa,btc-updown-5m-1775810400,BUY,Up,0.61,4.8596,2.964356,,1775810565,2026-04-10T08:42:45+00:00,,,data-api,2026-04-10T11:27:57.413699+00:00,True,1,2,2026-04-10T11:27:57.446164+00:00
14,0xe824ef5b0c6dce8053f1864cfd8d53502538f477256749eaed23080af86264ff,110672728353998631303426633483485208580285805953864470369598171081003296761766,0x476a715178ddd2ca5faa19302f977f65c656daec367e9faada6ed8e32fdfa09a,btc-updown-5m-1775811900,BUY,Up,0.6899999514084267,5.030094999999999,3.47076530557977,,1775812137,2026-04-10T09:08:57+00:00,,,data-api,2026-04-10T11:27:57.413697+00:00,False,1,1,2026-04-10T11:27:57.446164+00:00
13,0x3deada8567ae01cd9a4df129bd258b23bbbf1348240a44b6eb333a717cb41ea3,61348363737558976590159464136638865866111379745097492705720902900276171631275,0xad7cc04dc472284513a9611db94d2b1309f4ee4fe65669645fc4e65665267a0f,btc-updown-5m-1775813100,BUY,Down,0.5399999523529314,6.087765,3.2873928099358434,,1775813305,2026-04-10T09:28:25+00:00,,,data-api,2026-04-10T11:27:57.413695+00:00,True,1,3,2026-04-10T11:27:57.446164+00:00
12,0x00e770239f312326d946e8596a3d4cb07bfceb8465f9e4007512a497c488e479,61348363737558976590159464136638865866111379745097492705720902900276171631275,0xad7cc04dc472284513a9611db94d2b1309f4ee4fe65669645fc4e65665267a0f,btc-updown-5m-1775813100,BUY,Down,0.5599999936901391,6.138464,3.437539801267146,,1775813309,2026-04-10T09:28:29+00:00,,,data-api,2026-04-10T11:27:57.413693+00:00,True,3,3,2026-04-10T11:27:57.446164+00:00
11,0xf2780697f950aa474bb18962bd5745629ec594e291b9494f9e87da1c5ba6c2b5,61348363737558976590159464136638865866111379745097492705720902900276171631275,0xad7cc04dc472284513a9611db94d2b1309f4ee4fe65669645fc4e65665267a0f,btc-updown-5m-1775813100,BUY,Down,0.56,4.8416,2.711296,,1775813309,2026-04-10T09:28:29+00:00,,,data-api,2026-04-10T11:27:57.413690+00:00,True,2,3,2026-04-10T11:27:57.446164+00:00
10,0xa05cad29a3f5126945ca5a539eec7b894fb725ca2ed23f6e7c8a3d8ae648579d,75780475887039010821535238364685153248729791645278243986451205850669513212080,0x254126c3b7ea73ecd1ae90e5138bfd4645a8ff0b809e253ec4e477037879199e,btc-updown-5m-1775815500,BUY,Down,0.64,5.1748,3.311872,,1775815703,2026-04-10T10:08:23+00:00,,,data-api,2026-04-10T11:27:57.413686+00:00,True,1,3,2026-04-10T11:27:57.446164+00:00
9,0x5abf22b71e02c96a905583ada1c49b31eb7904d26a9d0add1a2731096fbb6624,75780475887039010821535238364685153248729791645278243986451205850669513212080,0x254126c3b7ea73ecd1ae90e5138bfd4645a8ff0b809e253ec4e477037879199e,btc-updown-5m-1775815500,BUY,Down,0.6299999396619436,5.484808,3.4554287090573452,,1775815705,2026-04-10T10:08:25+00:00,,,data-api,2026-04-10T11:27:57.413684+00:00,True,2,3,2026-04-10T11:27:57.446164+00:00
8,0xdb0f527884611f4ab9586127502532aec437ae3321f2120ba2468500af49b027,75780475887039010821535238364685153248729791645278243986451205850669513212080,0x254126c3b7ea73ecd1ae90e5138bfd4645a8ff0b809e253ec4e477037879199e,btc-updown-5m-1775815500,BUY,Down,0.63,4.8668,3.0660839999999996,,1775815707,2026-04-10T10:08:27+00:00,,,data-api,2026-04-10T11:27:57.413682+00:00,True,3,3,2026-04-10T11:27:57.446164+00:00
7,0x87761fcba09c83df7552bf72946f20541e9a2514ea0128a5cf2350f3cad6c7a7,9764656541270538934832152452759361787027778299053334736137946254924443030754,0x62f1264fc340b38c88497c7e7d17420117598b7e64dfa1c1fa8f7762af8cd7c6,btc-updown-5m-1775816400,BUY,Down,0.64,5.1748,3.311872,,1775816607,2026-04-10T10:23:27+00:00,,,data-api,2026-04-10T11:27:57.413679+00:00,True,1,3,2026-04-10T11:27:57.446164+00:00
6,0xac13281988a812864817fd1645296541dc740468b3b3d646f7f995c69d78c66d,9764656541270538934832152452759361787027778299053334736137946254924443030754,0x62f1264fc340b38c88497c7e7d17420117598b7e64dfa1c1fa8f7762af8cd7c6,btc-updown-5m-1775816400,BUY,Down,0.649999990845068,5.323907,3.4605395012599933,,1775816609,2026-04-10T10:23:29+00:00,,,data-api,2026-04-10T11:27:57.413677+00:00,True,3,3,2026-04-10T11:27:57.446164+00:00
5,0x458164bad634ad757229e440f44acc5c8b12b959c28713a944c76d53968eb94b,9764656541270538934832152452759361787027778299053334736137946254924443030754,0x62f1264fc340b38c88497c7e7d17420117598b7e64dfa1c1fa8f7762af8cd7c6,btc-updown-5m-1775816400,BUY,Down,0.65,4.874,3.1681,,1775816609,2026-04-10T10:23:29+00:00,,,data-api,2026-04-10T11:27:57.413675+00:00,True,2,3,2026-04-10T11:27:57.446164+00:00
4,0x281060d3fc664a9cc21bfe0148d1252cd05c5f3b2fc1706c74a5372b9154624d,27661563828951755039424876173888113738450599203893954339799526213018069595199,0xd20e37178025366930bf7315d4fdc1dfaaa6702502762775dd1ff52d9d300fdf,btc-updown-5m-1775817900,BUY,Up,0.64,5.098705,3.2631712,,1775818091,2026-04-10T10:48:11+00:00,,,data-api,2026-04-10T11:27:57.413671+00:00,True,1,2,2026-04-10T11:27:57.446164+00:00
3,0xf29b67045f16d58b44ee691429a19720b6756bb18f945899cd7f0d8cfde85143,27661563828951755039424876173888113738450599203893954339799526213018069595199,0xd20e37178025366930bf7315d4fdc1dfaaa6702502762775dd1ff52d9d300fdf,btc-updown-5m-1775817900,BUY,Up,0.629999996399999,5.407564,3.4067653005327645,,1775818093,2026-04-10T10:48:13+00:00,,,data-api,2026-04-10T11:27:57.413669+00:00,True,2,2,2026-04-10T11:27:57.446164+00:00
2,0x636398257eca4890f87b2e0f49af7fdb1c13750c121d5c4752d3918284dd0268,87179642651559072455483262134378320728722748345171172317133851717722722850858,0x1d38e4049e2256c450b750d6dc67253cba11039c2a582ba4f0da8e0cfe96dbb1,btc-updown-5m-1775819700,BUY,Up,0.4599999507142734,5.850295,2.6911354116639603,,1775819855,2026-04-10T11:17:35+00:00,,,data-api,2026-04-10T11:27:57.413664+00:00,False,1,1,2026-04-10T11:27:57.446164+00:00
1,0x8b09d71daf7400942001b2882f58db4b81b3077f64a01760997e5f9c170a7e78,75958648929808016435386287361735395506399206259998830513307268705827085331130,0x045f83b3421bd5751d4372c5acc831c96b16960121c5b511ec397e8ae8f8639e,btc-updown-5m-1775820000,BUY,Up,0.5499999214285546,4.925968,2.7092820129595743,,1775820157,2026-04-10T11:22:37+00:00,,,data-api,2026-04-10T11:27:57.413649+00:00,False,1,1,2026-04-10T11:27:57.446164+00:00
372,0x21e16c23c6c74179db8e0289282c951c65357de95c93c73135db2f83bbd1e1b6,16338200049580538516850209495423599926375689288033092063202665968526337287903,0xdd054f271182d8ed8e982fea9706a602531d453dbc1de13a90f79a36d8fbb1db,btc-updown-5m-1775821500,BUY,Down,0.5299999250689502,5.286537,2.8018642138742327,,1775821659,2026-04-10T11:47:39+00:00,,,data-api,2026-04-10T11:48:59.564127+00:00,False,1,1,2026-04-10T11:48:59.615515+00:00
