fill_id,transaction_hash,market_slug,condition_id,side,fill_outcome,fill_price,fill_size,cost_usd,match_time_utc,is_multi_fill,multi_fill_index,multi_fill_total,source,trade_bible_id,trade_outcome,tb_direction,tb_entry_price,tb_stake_usd,pnl_usd,payout_usd,tb_regime,entry_reason,eval_tier,dynamic_cap,order_type,vpin_at_entry,delta_chainlink,delta_tiingo,placed_at,resolved_at,se_eval_offset,se_regime,se_vpin,se_delta_pct,se_delta_binance,se_delta_chainlink,se_delta_tiingo,v2_probability_up,v2_direction,clob_up_ask,clob_down_ask,clob_spread,se_decision,se_evaluated_at
202,0xc5a86dff0bbf28f49c5e70aa482b9a0fec0e676ee3066101f61bd36d65ffbf67,btc-updown-5m-1775693100,0x317e4667b9b0591c8e080711369a83f7bf79e918de7485b7aed3a637a35aa17e,BUY,Up,0.6499999617646969,5.0989580000000005,3.3143225050397955,2026-04-09T00:08:03+00:00,False,1,1,data-api,,,,,,,,,,,,,,,,,,124,TRANSITION,0.5556477287066258,0.0008902393634637058,-0.030532958491649786,0.07630001918690298,0.0008902393634637058,0.8154894977236485,UP,,,,TRADE,2026-04-09T00:07:58.057958+00:00
201,0x9bc66b1b7dcae16c1847bc4aeac1a07dffe497f41f7d139e1b3a5d4c6d33ad20,btc-updown-5m-1775694900,0x2562e5e930d2125413ddccdb22deb1be5e778b16bb7f997f6b4155e1f1fceb70,BUY,Up,0.6899999514084267,5.030094999999999,3.47076530557977,2026-04-09T00:38:35+00:00,False,1,1,data-api,,,,,,,,,,,,,,,,,,94,NORMAL,0.4918971501218498,0.06594753484381274,0.02657367105523876,0.12419399130045321,0.06594753484381274,0.8426401628383473,UP,,,,TRADE,2026-04-09T00:38:28.201219+00:00
200,0xb51e3cc259d2d7126a3443bc7e436e8a7eba6b52d8d20d114d35d7f3034963f1,btc-updown-5m-1775697600,0x8fb9bb0c2cf1840a33ea6072260bae7133f8052d57332b0ffe30f9759c0c3da0,BUY,Up,0.6199999825352068,5.569155,3.45287600273586,2026-04-09T01:22:39+00:00,True,2,2,data-api,,,,,,,,,,,,,,,,,,150,TRANSITION,0.6166699856648288,0.025886946638891007,-0.014643747643753745,0.07022094026173482,0.025886946638891007,0.8107008623129757,UP,,,,TRADE,2026-04-09T01:22:31.838973+00:00
199,0x6a1b9265bdf930a77ad568717961ccb55a057ee5d25b5e77c3947b10fc0b913f,btc-updown-5m-1775697600,0x8fb9bb0c2cf1840a33ea6072260bae7133f8052d57332b0ffe30f9759c0c3da0,BUY,Up,0.62,4.8632,3.015184,2026-04-09T01:22:39+00:00,True,1,2,data-api,,,,,,,,,,,,,,,,,,150,TRANSITION,0.6166699856648288,0.025886946638891007,-0.014643747643753745,0.07022094026173482,0.025886946638891007,0.8107008623129757,UP,,,,TRADE,2026-04-09T01:22:31.838973+00:00
198,0x8ab32b92471daa808f17e8e5ed4c7c9350d6fbaf93655fd681bc186c08a675c4,btc-updown-5m-1775698800,0xa0713d69f016c887e9847ad6573288ba0bb878f13b6a9774d9747e13fd10c01f,BUY,Down,0.5199999694117575,6.3125,3.2824998069117193,2026-04-09T01:43:27+00:00,True,1,3,data-api,,,,,,,,,,,,,,,,,,100,NORMAL,0.548500190016433,-0.005397689676561984,-0.04799780484575942,-0.0147200803910318,-0.005397689676561984,0.17512387254568226,DOWN,,,,TRADE,2026-04-09T01:43:22.164720+00:00
197,0x019f02d747de3fabd19b35a977651aad02fdbb902aea0a9f075ba1548a51572b,btc-updown-5m-1775698800,0xa0713d69f016c887e9847ad6573288ba0bb878f13b6a9774d9747e13fd10c01f,BUY,Down,0.5199999355492856,6.590992,3.427315415205857,2026-04-09T01:43:29+00:00,True,3,3,data-api,,,,,,,,,,,,,,,,,,100,NORMAL,0.548500190016433,-0.005397689676561984,-0.04799780484575942,-0.0147200803910318,-0.005397689676561984,0.17512387254568226,DOWN,,,,TRADE,2026-04-09T01:43:22.164720+00:00
196,0xf7630b6cf8b1ae03ef60b75871e56bd9ecaef678070708557157aa555a42811b,btc-updown-5m-1775698800,0xa0713d69f016c887e9847ad6573288ba0bb878f13b6a9774d9747e13fd10c01f,BUY,Down,0.52,4.8272,2.5101440000000004,2026-04-09T01:43:29+00:00,True,2,3,data-api,,,,,,,,,,,,,,,,,,100,NORMAL,0.548500190016433,-0.005397689676561984,-0.04799780484575942,-0.0147200803910318,-0.005397689676561984,0.17512387254568226,DOWN,,,,TRADE,2026-04-09T01:43:22.164720+00:00
195,0x8c0f94943c07a0f21ea2d493a74aa275f19c25bd1355d08b488bb155c510af39,btc-updown-5m-1775703000,0x7db21e5d6c91192e304e2df74efa78db92d4dba990f1777efbb3ebfe5b39610a,BUY,Up,0.649999990845068,5.323907,3.4605395012599933,2026-04-09T02:52:39+00:00,True,1,2,data-api,,,,,,,,,,,,,,,,,,150,TRANSITION,0.6249555104531535,0.04044403323105901,-0.0005762861617858636,0.030830387049230704,0.04044403323105901,0.8154615901552043,UP,,,,TRADE,2026-04-09T02:52:32.555956+00:00
194,0x16e420e8567d4c4de9f0ed91886d649cc01a24d814b4e930bfdbfca53071a581,btc-updown-5m-1775703000,0x7db21e5d6c91192e304e2df74efa78db92d4dba990f1777efbb3ebfe5b39610a,BUY,Up,0.62,4.8632,3.015184,2026-04-09T02:52:41+00:00,True,2,2,data-api,,,,,,,,,,,,,,,,,,150,TRANSITION,0.6249555104531535,0.04044403323105901,-0.0005762861617858636,0.030830387049230704,0.04044403323105901,0.8154615901552043,UP,,,,TRADE,2026-04-09T02:52:32.555956+00:00
193,0x01d4286abc8778c3011af1a284b6652dccc3a2043ffc221665f389a8cddce840,btc-updown-5m-1775704200,0x21ea526d9074ff3b24eb513b20ed890d3fa91f69cefb337a915c74ac37ca7593,BUY,Down,0.64,5.1748,3.311872,2026-04-09T03:13:23+00:00,True,1,3,data-api,,,,,,,,,,,,,,,,,,104,TRANSITION,0.5876737859091969,-0.025452672754396152,-0.06804761107247412,-0.01549417764018322,-0.025452672754396152,0.1646759436662931,DOWN,,,,TRADE,2026-04-09T03:13:18.049525+00:00
192,0x1bad01427069de9d8e013a8193d3429b420f71279deb4e8a13e25576e1ad12f7,btc-updown-5m-1775704200,0x21ea526d9074ff3b24eb513b20ed890d3fa91f69cefb337a915c74ac37ca7593,BUY,Down,0.6041120129494425,5.708892,3.4488102378309686,2026-04-09T03:13:25+00:00,True,3,3,data-api,,,,,,,,,,,,,,,,,,104,TRANSITION,0.5876737859091969,-0.025452672754396152,-0.06804761107247412,-0.01549417764018322,-0.025452672754396152,0.1646759436662931,DOWN,,,,TRADE,2026-04-09T03:13:18.049525+00:00
191,0x0f1db2836a17d8a0c71a47e3f210cf8855960242c191bf0957e99e0b74057eb5,btc-updown-5m-1775704200,0x21ea526d9074ff3b24eb513b20ed890d3fa91f69cefb337a915c74ac37ca7593,BUY,Down,0.6,4.856,2.9135999999999997,2026-04-09T03:13:25+00:00,True,2,3,data-api,,,,,,,,,,,,,,,,,,104,TRANSITION,0.5876737859091969,-0.025452672754396152,-0.06804761107247412,-0.01549417764018322,-0.025452672754396152,0.1646759436662931,DOWN,,,,TRADE,2026-04-09T03:13:18.049525+00:00
190,0xdb20686cbf7139fcc385d97160ba7c96cba5a321083e8ff94dda20898642b3b0,btc-updown-5m-1775704800,0x861b2ea1893121ff94b7c033c6a99376fc2a9662e23a9ed5f3a0f77f96ad0adf,BUY,Down,0.43999996894116955,7.415711,3.262912609676689,2026-04-09T03:23:31+00:00,True,1,3,data-api,,,,,,,,,,,,,,,,,,96,TRANSITION,0.5549938456021215,-0.0018287530623533634,-0.04878754566522742,-0.0004957165718166499,-0.0018287530623533634,0.17610447096866721,DOWN,,,,TRADE,2026-04-09T03:23:25.886040+00:00
189,0x49e1c43fae949278cfed64aef5d05d0ebf7ab3a92b168d7ee0d00c1271089314,btc-updown-5m-1775704800,0x861b2ea1893121ff94b7c033c6a99376fc2a9662e23a9ed5f3a0f77f96ad0adf,BUY,Down,0.42999998061971373,7.917002000000001,3.4043107065662355,2026-04-09T03:23:33+00:00,True,3,3,data-api,,,,,,,,,,,,,,,,,,96,TRANSITION,0.5549938456021215,-0.0018287530623533634,-0.04878754566522742,-0.0004957165718166499,-0.0018287530623533634,0.17610447096866721,DOWN,,,,TRADE,2026-04-09T03:23:25.886040+00:00
188,0x8c4fbd783ca312f06685a29f909d29e2ada6236f043ace7781b139f96fc4252d,btc-updown-5m-1775704800,0x861b2ea1893121ff94b7c033c6a99376fc2a9662e23a9ed5f3a0f77f96ad0adf,BUY,Down,0.45,4.802,2.1609,2026-04-09T03:23:33+00:00,True,2,3,data-api,,,,,,,,,,,,,,,,,,96,TRANSITION,0.5549938456021215,-0.0018287530623533634,-0.04878754566522742,-0.0004957165718166499,-0.0018287530623533634,0.17610447096866721,DOWN,,,,TRADE,2026-04-09T03:23:25.886040+00:00
187,0xe0f5eceb1a3ec25ba3a68816a520d34d5633a605dc6be240546bfde87a7b7740,btc-updown-5m-1775706300,0xb30534611ca49f9c77613449602519d327b876e63dafb92fb09f3fede7e28202,BUY,Up,0.64,5.1748,3.311872,2026-04-09T03:48:45+00:00,False,1,1,data-api,,,,,,,,,,,,,,,,,,82,TRANSITION,0.5754259190294363,0.00940139753504272,-0.023609407319262143,0.013492642200142336,0.00940139753504272,0.8426401628383473,UP,,,,TRADE,2026-04-09T03:48:40.112449+00:00
186,0x1a4b5f8c18981ff2c3b318a48662676c977fc8bc64134c82d0eb14e835011c5d,btc-updown-5m-1775708100,0x8c96aebb7d70074e52a34ef275adb7816d1a90e6001d2a6cc4bb608dcf792ac0,BUY,Down,0.6999999605633603,4.961886,3.4733200043198895,2026-04-09T04:18:29+00:00,False,1,1,data-api,,,,,,,,,,,,,,,,,,100,NORMAL,0.5363794035528955,-0.0072074831713063985,-0.055832918123911085,-0.004284353018607844,-0.0072074831713063985,0.1646759436662931,DOWN,,,,TRADE,2026-04-09T04:18:22.930453+00:00
185,0x7c43ce308ccb256aea4043514a9a5597028eb0778a0469c0d9045b39652e2132,btc-updown-5m-1775708700,0xdb1e0e585d961360a67bb95077fd01016955862827f77c58cf862a3ff22e90aa,BUY,Down,0.6999999605633603,4.961886,3.4733200043198895,2026-04-09T04:28:47+00:00,False,1,1,data-api,,,,,,,,,,,,,,,,,,82,TRANSITION,0.5852885606803122,-0.043190995635335745,-0.06906546228621721,-0.010593425188193372,-0.043190995635335745,0.1705072212379955,DOWN,,,,TRADE,2026-04-09T04:28:40.558521+00:00
184,0xa07ada6bd3b89106b4963e5787d9f0bbd3808c00464912a5ea31aaa3e5b06481,btc-updown-5m-1775709300,0x286bcb2387774d90b371a4f1783161b541b1b3bdf84b355a95064142f2a2b3f3,BUY,Down,0.6599999534117543,5.025414,3.3167730058747775,2026-04-09T04:38:51+00:00,True,1,3,data-api,,,,,,,,,,,,,,,,,,76,TRANSITION,0.6148296660477597,-0.019929520093245806,-0.09733599477189794,-0.027012078294143038,-0.019929520093245806,0.17610447096866721,DOWN,,,,TRADE,2026-04-09T04:38:46.467804+00:00
183,0xa6cce80272d3db9e3ac9a70d54713059d7a7fc55a4eaff91597c204c84200ba5,btc-updown-5m-1775709300,0x286bcb2387774d90b371a4f1783161b541b1b3bdf84b355a95064142f2a2b3f3,BUY,Down,0.6699999962253511,5.172616,3.4656527004751907,2026-04-09T04:38:53+00:00,True,3,3,data-api,,,,,,,,,,,,,,,,,,76,TRANSITION,0.6148296660477597,-0.019929520093245806,-0.09733599477189794,-0.027012078294143038,-0.019929520093245806,0.17610447096866721,DOWN,,,,TRADE,2026-04-09T04:38:46.467804+00:00
182,0x8fb39786d336980fe813ea431fe6f2ec8cf07babc7340f21d7212d9e30013ac3,btc-updown-5m-1775709300,0x286bcb2387774d90b371a4f1783161b541b1b3bdf84b355a95064142f2a2b3f3,BUY,Down,0.65,4.874,3.1681,2026-04-09T04:38:53+00:00,True,2,3,data-api,,,,,,,,,,,,,,,,,,76,TRANSITION,0.6148296660477597,-0.019929520093245806,-0.09733599477189794,-0.027012078294143038,-0.019929520093245806,0.17610447096866721,DOWN,,,,TRADE,2026-04-09T04:38:46.467804+00:00
181,0xf1d5d97bf08a224924a3fa6314aaafe83dd6f016e7e489b4526d6784577ff212,btc-updown-5m-1775709900,0x6625eafad3bb6318cb7ac99430e4e718054eeaae04d88ee44c06301d64c3d7cc,BUY,Down,0.68,4.8848,3.3216640000000006,2026-04-09T04:48:53+00:00,True,1,2,data-api,,,,,,,,,,,,,,,,,,74,CASCADE,0.9169524255624714,-0.06295369002428224,-0.2358687234009206,-0.07581041160693087,-0.06295369002428224,0.12641479169683076,DOWN,,,,TRADE,2026-04-09T04:48:48.702251+00:00
180,0x2e011bec94057cf65be98343b0deabfa19f0bb92055d598e42fef507f9898051,btc-updown-5m-1775709900,0x6625eafad3bb6318cb7ac99430e4e718054eeaae04d88ee44c06301d64c3d7cc,BUY,Down,0.6799999693521054,5.100307,3.4682086036863287,2026-04-09T04:48:55+00:00,True,2,2,data-api,,,,,,,,,,,,,,,,,,74,CASCADE,0.9169524255624714,-0.06295369002428224,-0.2358687234009206,-0.07581041160693087,-0.06295369002428224,0.12641479169683076,DOWN,,,,TRADE,2026-04-09T04:48:48.702251+00:00
179,0x3491f10daa4b75ec791bd109d3fad50658d77b6ff30909d873cba4dae3d71ac2,btc-updown-5m-1775710500,0x67476a393d03a679c749575719a2de20b43820337aced24967d8ce3bf2e744a2,BUY,Down,0.4,8.1328,3.25312,2026-04-09T04:58:27+00:00,True,1,3,data-api,,,,,,,,,,,,,,,,,,100,NORMAL,0.5239079398746196,-0.007667609421352467,-0.04207891902676298,-0.001426744784435751,-0.007667609421352467,0.1918152766780854,DOWN,,,,TRADE,2026-04-09T04:58:22.474697+00:00
178,0x3906e159961ec7406f209b813450fb3fc60aebff6d0017e554d886f02969edd8,btc-updown-5m-1775710500,0x67476a393d03a679c749575719a2de20b43820337aced24967d8ce3bf2e744a2,BUY,Down,0.37999994433802065,8.925074,3.3915276232127156,2026-04-09T04:58:29+00:00,True,3,3,data-api,,,,,,,,,,,,,,,,,,100,NORMAL,0.5239079398746196,-0.007667609421352467,-0.04207891902676298,-0.001426744784435751,-0.007667609421352467,0.1918152766780854,DOWN,,,,TRADE,2026-04-09T04:58:22.474697+00:00
177,0x8725dc5cf3ecc63089a3e15b07ea94714c07ae8e79e7002c293276f7e91cb546,btc-updown-5m-1775710500,0x67476a393d03a679c749575719a2de20b43820337aced24967d8ce3bf2e744a2,BUY,Down,0.38,4.7768,1.815184,2026-04-09T04:58:29+00:00,True,2,3,data-api,,,,,,,,,,,,,,,,,,100,NORMAL,0.5239079398746196,-0.007667609421352467,-0.04207891902676298,-0.001426744784435751,-0.007667609421352467,0.1918152766780854,DOWN,,,,TRADE,2026-04-09T04:58:22.474697+00:00
176,0x7df89079c937274985810663caccd83441e410ceaf641e1665edd60a0c059dbe,btc-updown-5m-1775710800,0x2ecaf59df7fef8a631fce3e21755128bc2a0ef5e8bdfa9f88eb6a0bf83356f24,BUY,Up,0.6299999777647002,5.253054,3.309423903196769,2026-04-09T05:03:37+00:00,True,1,3,data-api,,,,,,,,,,,,,,,,,,90,CASCADE,0.6839337351472247,0.014809953449716803,-0.030078272735773813,0.014494460907353726,0.014809953449716803,0.8402119700703697,UP,,,,TRADE,2026-04-09T05:03:31.746396+00:00
175,0x1b86b43935d4affa60b418d70afb420f61993a893a75c351628a230a8df97f33,btc-updown-5m-1775710800,0x2ecaf59df7fef8a631fce3e21755128bc2a0ef5e8bdfa9f88eb6a0bf83356f24,BUY,Up,0.64,5.403105,3.4579872000000003,2026-04-09T05:03:39+00:00,True,3,3,data-api,,,,,,,,,,,,,,,,,,90,CASCADE,0.6839337351472247,0.014809953449716803,-0.030078272735773813,0.014494460907353726,0.014809953449716803,0.8402119700703697,UP,,,,TRADE,2026-04-09T05:03:31.746396+00:00
174,0x62061bd17ba305cd916573327a371fa6d522971b902ea98e96a4626e4bfed62c,btc-updown-5m-1775710800,0x2ecaf59df7fef8a631fce3e21755128bc2a0ef5e8bdfa9f88eb6a0bf83356f24,BUY,Up,0.64,4.8704,3.1170560000000003,2026-04-09T05:03:39+00:00,True,2,3,data-api,,,,,,,,,,,,,,,,,,90,CASCADE,0.6839337351472247,0.014809953449716803,-0.030078272735773813,0.014494460907353726,0.014809953449716803,0.8402119700703697,UP,,,,TRADE,2026-04-09T05:03:31.746396+00:00
173,0xd40420c943969974dbaec316bc47654480b8a7d923b9bbc35ce0f70f48cb2d1a,btc-updown-5m-1775711100,0x366c2aac34ee40fb9b3a18a994d905c81763c3973e4fb6ed3cb2d07b33524efc,BUY,Up,0.4499999602941095,7.256364,3.265363511879605,2026-04-09T05:07:21+00:00,True,1,3,data-api,,,,,,,,,,,,,,,,,,166,TRANSITION,0.5719683508207172,0.019654757795808775,-0.02793817010492717,0.015749942224883094,0.019654757795808775,0.7839358414587317,UP,,,,TRADE,2026-04-09T05:07:16.140173+00:00
172,0x8fe86ae78add667409bba93b779ab69c29c68358e83658c8cff2d107f910b8c7,btc-updown-5m-1775711100,0x366c2aac34ee40fb9b3a18a994d905c81763c3973e4fb6ed3cb2d07b33524efc,BUY,Up,0.37,4.7732,1.766084,2026-04-09T05:07:23+00:00,True,3,3,data-api,,,,,,,,,,,,,,,,,,166,TRANSITION,0.5719683508207172,0.019654757795808775,-0.02793817010492717,0.015749942224883094,0.019654757795808775,0.7839358414587317,UP,,,,TRADE,2026-04-09T05:07:16.140173+00:00
171,0x67f93b4c724665a1014806c8c1e8863c3c0bccf6f39c719bdb1f6dd33ef268db,btc-updown-5m-1775711100,0x366c2aac34ee40fb9b3a18a994d905c81763c3973e4fb6ed3cb2d07b33524efc,BUY,Up,0.36999995726759854,9.159383,3.3889713185975685,2026-04-09T05:07:23+00:00,True,2,3,data-api,,,,,,,,,,,,,,,,,,166,TRANSITION,0.5719683508207172,0.019654757795808775,-0.02793817010492717,0.015749942224883094,0.019654757795808775,0.7839358414587317,UP,,,,TRADE,2026-04-09T05:07:16.140173+00:00
170,0xfcf1e8f187b5b621e86d5531a3d3a8b6a1aacf255d73e328de44dc21ff4b6805,btc-updown-5m-1775712600,0x372c40ca40285c349d3628455c7da940ef2b10aa22a50a7380998e55064e01cf,BUY,Up,0.68,4.8848,3.3216640000000006,2026-04-09T05:32:25+00:00,False,1,1,data-api,,,,,,,,,,,,,,,,,,162,TRANSITION,0.5862909596561521,0.008017664422846002,-0.03679623675365045,0.0031119939249546246,0.008017664422846002,0.7843807155284457,UP,,,,TRADE,2026-04-09T05:32:19.990981+00:00
169,0x791c73c959bf644ffe2661fde539ab351bbc89a6cb9d8213f1470518ad8ce77e,btc-updown-5m-1775713800,0xf58cfda750f51c5b10923b5b9cf92dfa6d313ded7b50b83534ff069526897df1,BUY,Down,0.6599999534117543,5.025414,3.3167730058747775,2026-04-09T05:53:23+00:00,True,1,3,data-api,,,,,,,,,,,,,,,,,,104,TRANSITION,0.5716479030518685,-0.06904410963292576,-0.07425028560783466,-0.021404205505736164,-0.06904410963292576,0.16500851536129174,DOWN,,,,TRADE,2026-04-09T05:53:18.204278+00:00
168,0x494a37bab223f4dfa9f01b6d4d555f96db2a37ef22e5d8d22d62139b8469f90a,btc-updown-5m-1775713800,0xf58cfda750f51c5b10923b5b9cf92dfa6d313ded7b50b83534ff069526897df1,BUY,Down,0.67,4.8812,3.270404,2026-04-09T05:53:25+00:00,True,3,3,data-api,,,,,,,,,,,,,,,,,,104,TRANSITION,0.5716479030518685,-0.06904410963292576,-0.07425028560783466,-0.021404205505736164,-0.06904410963292576,0.16500851536129174,DOWN,,,,TRADE,2026-04-09T05:53:18.204278+00:00
167,0xde39639b0d19a4b0862954e800fba43b7e51de25f3894a1ccf3be018d0e0fdba,btc-updown-5m-1775713800,0xf58cfda750f51c5b10923b5b9cf92dfa6d313ded7b50b83534ff069526897df1,BUY,Down,0.6699999962253511,5.172616,3.4656527004751907,2026-04-09T05:53:25+00:00,True,2,3,data-api,,,,,,,,,,,,,,,,,,104,TRANSITION,0.5716479030518685,-0.06904410963292576,-0.07425028560783466,-0.021404205505736164,-0.06904410963292576,0.16500851536129174,DOWN,,,,TRADE,2026-04-09T05:53:18.204278+00:00
166,0x575bcc918e798828e19a397319bdc6207fcb62aa748ebeb346052828a991bdf6,btc-updown-5m-1775714100,0xc67dad75113be48e99f350e067d8bbb4e5bde6cc3bad4eae2f3e188065c9603f,BUY,Up,0.6,5.503475,3.302085,2026-04-09T05:58:13+00:00,True,1,3,data-api,,,,,,,,,,,,,,,,,,114,CASCADE,0.688881228191296,0.0015039089502134827,-0.02408670990061175,0.01275510383850877,0.0015039089502134827,0.8174678740899187,UP,,,,TRADE,2026-04-09T05:58:08.166537+00:00
165,0x06f9207d6689e41848430150500dd598b05880e670f550632fb8c02ab7602d68,btc-updown-5m-1775714100,0xc67dad75113be48e99f350e067d8bbb4e5bde6cc3bad4eae2f3e188065c9603f,BUY,Up,0.6,5.746275,3.447765,2026-04-09T05:58:15+00:00,True,3,3,data-api,,,,,,,,,,,,,,,,,,114,CASCADE,0.688881228191296,0.0015039089502134827,-0.02408670990061175,0.01275510383850877,0.0015039089502134827,0.8174678740899187,UP,,,,TRADE,2026-04-09T05:58:08.166537+00:00
164,0x9869c17bedc00e5118ec3eb65193ab425a8756b0c5a9eebe236f65a1432a308d,btc-updown-5m-1775714100,0xc67dad75113be48e99f350e067d8bbb4e5bde6cc3bad4eae2f3e188065c9603f,BUY,Up,0.6,4.856,2.9135999999999997,2026-04-09T05:58:15+00:00,True,2,3,data-api,,,,,,,,,,,,,,,,,,114,CASCADE,0.688881228191296,0.0015039089502134827,-0.02408670990061175,0.01275510383850877,0.0015039089502134827,0.8174678740899187,UP,,,,TRADE,2026-04-09T05:58:08.166537+00:00
163,0x4bec48ff69909b45169a731583b14e5fb9292b6148801021220e1a31c3fa8db0,btc-updown-5m-1775715300,0x24af899efbb85761865ea2e792034d2a535d7133323fdc831075631c59344bf0,BUY,Down,0.6999998225351562,4.961887,3.4733200194394986,2026-04-09T06:18:25+00:00,False,1,1,data-api,,,,,,,,,,,,,,,,,,104,TRANSITION,0.627703016936459,-0.025514763676799748,-0.07142653952217048,-0.01566167525371883,-0.025514763676799748,0.1705072212379955,DOWN,,,,TRADE,2026-04-09T06:18:18.085585+00:00
162,0xdbf39ae2848dac940a9eabfdc5e329986fe4a3410b3044f7abb81de5d8130875,btc-updown-5m-1775715600,0xdb25026dd6de4bef38ab360aa69c8eba2221ef65ef1fbbad15843e6fc824f4d7,BUY,Down,0.6899998172957201,5.0300959999999995,3.470765320979932,2026-04-09T06:23:35+00:00,False,1,1,data-api,,,,,,,,,,,,,,,,,,100,NORMAL,0.5435048292146475,-0.052059201361502744,-0.1018837786308484,-0.030037954103807097,-0.052059201361502744,0.1646759436662931,DOWN,,,,TRADE,2026-04-09T06:23:27.552775+00:00
161,0xfbccde2b110e9e1d25b2d81f94979794b56abfca83b8d3b9ad5eec9766b803d7,btc-updown-5m-1775715900,0xf33b8c80b91ca6b28f97bad6a6385d402af96ee7d925e42f7ac9bf2124217dac,BUY,Down,0.6599999534117543,5.025414,3.3167730058747775,2026-04-09T06:28:27+00:00,True,1,3,data-api,,,,,,,,,,,,,,,,,,100,NORMAL,0.5416433867354842,-0.04564309430324457,-0.08432375298685409,-0.0058413438923553326,-0.04564309430324457,0.1646759436662931,DOWN,,,,TRADE,2026-04-09T06:28:22.203005+00:00
160,0xac77d34c80137b0ef4d51b37053c425c15dda221a1505dc8f90bc556a6b13b43,btc-updown-5m-1775715900,0xf33b8c80b91ca6b28f97bad6a6385d402af96ee7d925e42f7ac9bf2124217dac,BUY,Down,0.6299999396619436,5.484808,3.4554287090573452,2026-04-09T06:28:29+00:00,True,3,3,data-api,,,,,,,,,,,,,,,,,,100,NORMAL,0.5416433867354842,-0.04564309430324457,-0.08432375298685409,-0.0058413438923553326,-0.04564309430324457,0.1646759436662931,DOWN,,,,TRADE,2026-04-09T06:28:22.203005+00:00
159,0x9e6f5d855c47b7ad094ff245e5032916b254ad38e8c538d99c5ee2e90e7c1dd4,btc-updown-5m-1775715900,0xf33b8c80b91ca6b28f97bad6a6385d402af96ee7d925e42f7ac9bf2124217dac,BUY,Down,0.64,4.8704,3.1170560000000003,2026-04-09T06:28:29+00:00,True,2,3,data-api,,,,,,,,,,,,,,,,,,100,NORMAL,0.5416433867354842,-0.04564309430324457,-0.08432375298685409,-0.0058413438923553326,-0.04564309430324457,0.1646759436662931,DOWN,,,,TRADE,2026-04-09T06:28:22.203005+00:00
158,0x0296a026a146cc7b84bc748a5be54a8349fbd5f10c5bf28863c1754c0df3adcb,btc-updown-5m-1775718000,0x928e00b2d5e010a7da4e4e7edf4804a919b2faffe51eeeb0391c44a2f098665c,BUY,Down,0.4,8.4916,3.39664,2026-04-09T07:04:09+00:00,True,1,2,data-api,,,,,,,,,,,,,,,,,,60,TRANSITION,0.6052633152379623,-0.029178040576381167,-0.11268048088641822,-0.037367515776821306,-0.029178040576381167,0.127642758568819,DOWN,,,,TRADE,2026-04-09T07:04:02.842117+00:00
157,0x43f8fa57efbf9e9fd69228fc9cbf40bfeb94c580dd2b818222f76098c9086321,btc-updown-5m-1775718000,0x928e00b2d5e010a7da4e4e7edf4804a919b2faffe51eeeb0391c44a2f098665c,BUY,Down,0.4,4.784,1.9136,2026-04-09T07:04:11+00:00,True,2,2,data-api,,,,,,,,,,,,,,,,,,60,TRANSITION,0.6052633152379623,-0.029178040576381167,-0.11268048088641822,-0.037367515776821306,-0.029178040576381167,0.127642758568819,DOWN,,,,TRADE,2026-04-09T07:04:02.842117+00:00
156,0x6c586ea2f96c9d27a5b9ca8004e0d94bb6d3d8c09a512157453a29f54bc05681,btc-updown-5m-1775718300,0xc09fe63e6eaeb8f13a9b5e9c34648f911130f915556de312915d92d04b722d05,BUY,Up,0.4199999332941086,7.757186999999999,3.2580180225499262,2026-04-09T07:07:37+00:00,True,1,3,data-api,,,,,,,,,,,,,,,,,,150,TRANSITION,0.6065251865613712,0.013742948161347591,-0.05046847296699816,0.0163288476581222,0.013742948161347591,0.7848700449602395,UP,,,,TRADE,2026-04-09T07:07:32.422228+00:00
155,0x2f351c6499d7e9b3a3841653680c6641b864017da1f8277ac08e8a917b4752ce,btc-updown-5m-1775718300,0xc09fe63e6eaeb8f13a9b5e9c34648f911130f915556de312915d92d04b722d05,BUY,Up,0.42999998061971373,7.917002000000001,3.4043107065662355,2026-04-09T07:07:39+00:00,True,3,3,data-api,,,,,,,,,,,,,,,,,,150,TRANSITION,0.6065251865613712,0.013742948161347591,-0.05046847296699816,0.0163288476581222,0.013742948161347591,0.7848700449602395,UP,,,,TRADE,2026-04-09T07:07:32.422228+00:00
154,0xd35ac74faf03e5ce83af8ca263496a9579d0222f8e7052a1515864829dd73290,btc-updown-5m-1775718300,0xc09fe63e6eaeb8f13a9b5e9c34648f911130f915556de312915d92d04b722d05,BUY,Up,0.43,4.7948,2.061764,2026-04-09T07:07:39+00:00,True,2,3,data-api,,,,,,,,,,,,,,,,,,150,TRANSITION,0.6065251865613712,0.013742948161347591,-0.05046847296699816,0.0163288476581222,0.013742948161347591,0.7848700449602395,UP,,,,TRADE,2026-04-09T07:07:32.422228+00:00
153,0x500b90b4fe3fc869a875471dc4727fa8a7198664e33ae3fdbc64c11578478f28,btc-updown-5m-1775719200,0x67c9df17a2754d0f1d456ad930dad6070d18c4f638e4d8563802b69b162ee38e,BUY,Down,0.6299999777647002,5.253054,3.309423903196769,2026-04-09T07:23:23+00:00,True,1,2,data-api,,,,,,,,,,,,,,,,,,104,TRANSITION,0.5801728466877827,-0.007490496267575373,-0.06998726262795117,-0.010194429543274534,-0.007490496267575373,0.1615472230403644,DOWN,,,,TRADE,2026-04-09T07:23:18.251161+00:00
152,0x45ede08445a5c5b8f87258e4e70ab0c094cd4f2016050b7f1d3d55bd66a58baa,btc-updown-5m-1775719200,0x67c9df17a2754d0f1d456ad930dad6070d18c4f638e4d8563802b69b162ee38e,BUY,Down,0.6199999825352068,5.569155,3.45287600273586,2026-04-09T07:23:25+00:00,True,2,2,data-api,,,,,,,,,,,,,,,,,,104,TRANSITION,0.5801728466877827,-0.007490496267575373,-0.06998726262795117,-0.010194429543274534,-0.007490496267575373,0.1615472230403644,DOWN,,,,TRADE,2026-04-09T07:23:18.251161+00:00
151,0x27fc00d50ba5debab22d346b79ac1b4b303faf907296c6d96c11e596ef4689ab,btc-updown-5m-1775719500,0xbe74849f9c4ea92fa749fe6df40fe8694431e5d5c25e0932cebed6d4b2a38b05,BUY,Down,0.6,5.503475,3.302085,2026-04-09T07:28:27+00:00,True,1,3,data-api,,,,,,,,,,,,,,,,,,100,NORMAL,0.5302126901381412,-0.004989859405049075,-0.0697391620116301,-0.008352923262563884,-0.004989859405049075,0.1615472230403644,DOWN,,,,TRADE,2026-04-09T07:28:22.429542+00:00
150,0x742264ef937fa8737aa030ce2ba12f17a0622e83a2412407d2a13b2bc857eaa7,btc-updown-5m-1775719500,0xbe74849f9c4ea92fa749fe6df40fe8694431e5d5c25e0932cebed6d4b2a38b05,BUY,Down,0.5699999470140745,6.035248999999999,3.440091610216746,2026-04-09T07:28:29+00:00,True,3,3,data-api,,,,,,,,,,,,,,,,,,100,NORMAL,0.5302126901381412,-0.004989859405049075,-0.0697391620116301,-0.008352923262563884,-0.004989859405049075,0.1615472230403644,DOWN,,,,TRADE,2026-04-09T07:28:22.429542+00:00
149,0xa53250d6eb35b5f318f6e91c95479e1f696f60f7c323cf20d127eec52790af1d,btc-updown-5m-1775719500,0xbe74849f9c4ea92fa749fe6df40fe8694431e5d5c25e0932cebed6d4b2a38b05,BUY,Down,0.57,4.8452,2.761764,2026-04-09T07:28:29+00:00,True,2,3,data-api,,,,,,,,,,,,,,,,,,100,NORMAL,0.5302126901381412,-0.004989859405049075,-0.0697391620116301,-0.008352923262563884,-0.004989859405049075,0.1615472230403644,DOWN,,,,TRADE,2026-04-09T07:28:22.429542+00:00
148,0xfff4d8a849c291999bd2901b8302e83f7654486af9ab5da4eb38bc85714e16a0,btc-updown-5m-1775721000,0xed6842e78490aac0c610ccf1cd0eb2ded518d55b9f1f5762b9727b363fc4a8e6,BUY,Up,0.4199999332941086,7.757186999999999,3.2580180225499262,2026-04-09T07:52:39+00:00,True,1,3,data-api,,,,,,,,,,,,,,,,,,150,TRANSITION,0.5625420201186877,0.0013970118030475424,-0.05110911570804979,0.011144928533157199,0.0013970118030475424,0.7848700449602395,UP,,,,TRADE,2026-04-09T07:52:33.588636+00:00
147,0x0b9f6632f3118ee3312ae4611d329c53a4fe368d339765bd1606d9f04f87cb2b,btc-updown-5m-1775721000,0xed6842e78490aac0c610ccf1cd0eb2ded518d55b9f1f5762b9727b363fc4a8e6,BUY,Up,0.44,4.7984,2.111296,2026-04-09T07:52:41+00:00,True,3,3,data-api,,,,,,,,,,,,,,,,,,150,TRANSITION,0.5625420201186877,0.0013970118030475424,-0.05110911570804979,0.011144928533157199,0.0013970118030475424,0.7848700449602395,UP,,,,TRADE,2026-04-09T07:52:33.588636+00:00
146,0x970332f6b19dbdb0f6699bc99f815163ce77aacf6aebd89d2b20aa3f4ded65ad,btc-updown-5m-1775721000,0xed6842e78490aac0c610ccf1cd0eb2ded518d55b9f1f5762b9727b363fc4a8e6,BUY,Up,0.439999975211262,7.7428799999999995,3.406867008063776,2026-04-09T07:52:41+00:00,True,2,3,data-api,,,,,,,,,,,,,,,,,,150,TRANSITION,0.5625420201186877,0.0013970118030475424,-0.05110911570804979,0.011144928533157199,0.0013970118030475424,0.7848700449602395,UP,,,,TRADE,2026-04-09T07:52:33.588636+00:00
145,0xfd6233ffea60c3af53c731f32f8623686283f6577a5adf5ca9a2fd8f5d08c4d2,btc-updown-5m-1775721300,0x19356b53702644a9ef3f0226a1d8ebd2feba1b6381bf1126e794f3c85e02e20d,BUY,Down,0.47999995132393486,7.1189420000000005,3.417091813477916,2026-04-09T07:58:47+00:00,True,2,2,data-api,,,,,,,,,,,,,,,,,,82,NORMAL,0.5109900307731675,-0.031249154087020475,-0.08147075061990852,-0.02334598721684745,-0.031249154087020475,0.16224855162279242,DOWN,,,,TRADE,2026-04-09T07:58:39.996063+00:00
144,0x0cbedeb707fa80ab2cf85a6a67c873f4a548a03666d39702465377ace46401a1,btc-updown-5m-1775721300,0x19356b53702644a9ef3f0226a1d8ebd2feba1b6381bf1126e794f3c85e02e20d,BUY,Down,0.47,4.8092,2.2603239999999998,2026-04-09T07:58:47+00:00,True,1,2,data-api,,,,,,,,,,,,,,,,,,82,NORMAL,0.5109900307731675,-0.031249154087020475,-0.08147075061990852,-0.02334598721684745,-0.031249154087020475,0.16224855162279242,DOWN,,,,TRADE,2026-04-09T07:58:39.996063+00:00
143,0xf27b36c7f0b5079d27e49a2522e07562a86cd4a22f21a8f55d835ce8cfb8847c,btc-updown-5m-1775721600,0xe9dd3ee57766c7957d71337d07f75c4486677abb63fe56c09321bfcd3b738f4c,BUY,Down,0.4699999626764626,6.957991000000001,3.270255510303163,2026-04-09T08:03:27+00:00,True,1,3,data-api,,,,,,,,,,,,,,,,,,100,NORMAL,0.5334451396217701,-0.016280638915635012,-0.05226677185766226,-0.04342365136230949,-0.016280638915635012,0.16109649257816366,DOWN,,,,TRADE,2026-04-09T08:03:21.711233+00:00
142,0xd1441e07ee6c06f1371f75006969c80b93df7d9992dc1db41fcc079cd535b6c3,btc-updown-5m-1775721600,0xe9dd3ee57766c7957d71337d07f75c4486677abb63fe56c09321bfcd3b738f4c,BUY,Down,0.47,4.8092,2.2603239999999998,2026-04-09T08:03:29+00:00,True,3,3,data-api,,,,,,,,,,,,,,,,,,100,NORMAL,0.5334451396217701,-0.016280638915635012,-0.05226677185766226,-0.04342365136230949,-0.016280638915635012,0.16109649257816366,DOWN,,,,TRADE,2026-04-09T08:03:21.711233+00:00
141,0x2326d20978266d790fe1c50dd615f586f5322505261af224442776da347014c2,btc-updown-5m-1775721600,0xe9dd3ee57766c7957d71337d07f75c4486677abb63fe56c09321bfcd3b738f4c,BUY,Down,0.4699999602816823,7.26497,3.4145356114476133,2026-04-09T08:03:29+00:00,True,2,3,data-api,,,,,,,,,,,,,,,,,,100,NORMAL,0.5334451396217701,-0.016280638915635012,-0.05226677185766226,-0.04342365136230949,-0.016280638915635012,0.16109649257816366,DOWN,,,,TRADE,2026-04-09T08:03:21.711233+00:00
140,0x341c3e7a7e336b13653aa2e6b41cca001286537b29d5affe3ea1364282cbd6fe,btc-updown-5m-1775721900,0xbc12b4d416bf1856ba8c54aee885f87b77f4f964ddf97c2cf7727a4985746ba3,BUY,Up,0.5499999433823421,5.981527,3.289839511339951,2026-04-09T08:07:19+00:00,True,1,3,data-api,,,,,,,,,,,,,,,,,,168,TRANSITION,0.5882112166200534,0.03206720438658381,-0.026336396054324928,0.01913601707782426,0.03206720438658381,0.7842106239932429,UP,,,,TRADE,2026-04-09T08:07:14.286824+00:00
139,0x49c6888a25b0bf209ce0b51694fbf124dccaca45995733f2ab5f8a4b94e9980a,btc-updown-5m-1775721900,0xbc12b4d416bf1856ba8c54aee885f87b77f4f964ddf97c2cf7727a4985746ba3,BUY,Up,0.5199999355492856,6.590992,3.427315415205857,2026-04-09T08:07:21+00:00,True,2,3,data-api,,,,,,,,,,,,,,,,,,168,TRANSITION,0.5882112166200534,0.03206720438658381,-0.026336396054324928,0.01913601707782426,0.03206720438658381,0.7842106239932429,UP,,,,TRADE,2026-04-09T08:07:14.286824+00:00
138,0xaf43bb456cf61fae22f8751e011c57ed32d08ccac7ff4b571b63379e21cd436d,btc-updown-5m-1775721900,0xbc12b4d416bf1856ba8c54aee885f87b77f4f964ddf97c2cf7727a4985746ba3,BUY,Up,0.5,4.82,2.41,2026-04-09T08:07:23+00:00,True,3,3,data-api,,,,,,,,,,,,,,,,,,168,TRANSITION,0.5882112166200534,0.03206720438658381,-0.026336396054324928,0.01913601707782426,0.03206720438658381,0.7842106239932429,UP,,,,TRADE,2026-04-09T08:07:14.286824+00:00
137,0xe3296f32c858093e59d997649e0c09bbf9217b2ab773692935d842af33f55516,btc-updown-5m-1775726700,0x721f0ad2806c4df67b46daa5112d33d54ab102bd35f89905df8b2f12c9b35240,BUY,Down,0.68,11.96776,8.1380768,2026-04-09T09:28:39+00:00,True,1,3,data-api,,,,,,,,,,,,,,,,,,86,TRANSITION,0.6123866258399346,-0.02832924574089364,-0.07869707937043152,-9.25847992679769e-05,-0.02832924574089364,0.16109649257816366,DOWN,,,,TRADE,2026-04-09T09:28:35.817093+00:00
136,0xc4b87ec4cfc3f3763cdd8c5fb58d297adce7bd1e26ab577318b11f25cc5d0c29,btc-updown-5m-1775726700,0x721f0ad2806c4df67b46daa5112d33d54ab102bd35f89905df8b2f12c9b35240,BUY,Down,0.6799999791037111,11.220673,7.630057405529575,2026-04-09T09:28:43+00:00,True,3,3,data-api,,,,,,,,,,,,,,,,,,86,TRANSITION,0.6123866258399346,-0.02832924574089364,-0.07869707937043152,-9.25847992679769e-05,-0.02832924574089364,0.16109649257816366,DOWN,,,,TRADE,2026-04-09T09:28:35.817093+00:00
135,0x48fae69b599368c4210bf8d596aa89bad099a8cc629b2fdc340eb2ed3873fa5e,btc-updown-5m-1775726700,0x721f0ad2806c4df67b46daa5112d33d54ab102bd35f89905df8b2f12c9b35240,BUY,Down,0.68,11.96776,8.1380768,2026-04-09T09:28:43+00:00,True,2,3,data-api,,,,,,,,,,,,,,,,,,86,TRANSITION,0.6123866258399346,-0.02832924574089364,-0.07869707937043152,-9.25847992679769e-05,-0.02832924574089364,0.16109649257816366,DOWN,,,,TRADE,2026-04-09T09:28:35.817093+00:00
134,0x33d14d825a3a32080043058fccfddbd8e3bdd23294649017c2130593647c825e,btc-updown-5m-1775727000,0x43ba7d52615bbb84ec778a033df724628ceaa30e69431d6867db7ed3f439539c,BUY,Up,0.5599999966214173,11.464224,6.419965401267171,2026-04-09T09:32:19+00:00,True,1,3,data-api,,,,,,,,,,,,,,,,,,168,TRANSITION,0.6036586696418543,0.0064212045210676446,-0.05937516788246269,0.0025528657109976263,0.0064212045210676446,0.7842871915401597,UP,,,,TRADE,2026-04-09T09:32:14.390886+00:00
133,0xc3edb68b4b70195e45629186b7a106dafeb0e0f855597470411835c3e878da56,btc-updown-5m-1775727000,0x43ba7d52615bbb84ec778a033df724628ceaa30e69431d6867db7ed3f439539c,BUY,Up,0.559999975461656,11.049223,6.187564608870365,2026-04-09T09:32:21+00:00,True,3,3,data-api,,,,,,,,,,,,,,,,,,168,TRANSITION,0.6036586696418543,0.0064212045210676446,-0.05937516788246269,0.0025528657109976263,0.0064212045210676446,0.7842871915401597,UP,,,,TRADE,2026-04-09T09:32:14.390886+00:00
132,0x0ded4b9bca0658daae58055ec13494c0dd334b97bb899cb79b103c5e5ecf460a,btc-updown-5m-1775727000,0x43ba7d52615bbb84ec778a033df724628ceaa30e69431d6867db7ed3f439539c,BUY,Up,0.56,9.44112,5.287027200000001,2026-04-09T09:32:21+00:00,True,2,3,data-api,,,,,,,,,,,,,,,,,,168,TRANSITION,0.6036586696418543,0.0064212045210676446,-0.05937516788246269,0.0025528657109976263,0.0064212045210676446,0.7842871915401597,UP,,,,TRADE,2026-04-09T09:32:14.390886+00:00
131,0xbd70a6662f7b9485ddfb47f8800cff8ada949d0a40c20864662923da7e5259f7,btc-updown-5m-1775727600,0x405c9fbe3f73986e8447012df2cc70917564e1e53d08531b3af4e0b32066451a,BUY,Up,0.68,7.57144,5.1485792,2026-04-09T09:42:35+00:00,True,1,3,data-api,,,,,,,,,,,,,,,,,,152,TRANSITION,0.5909606637412432,0.025198602978158718,-0.030464691843320357,0.022777793710508018,0.025198602978158718,0.7844208019671434,UP,,,,TRADE,2026-04-09T09:42:30.030404+00:00
130,0x8650afe8fa3c6c2d82976d9e25129f4502429b3500f5f3901077620fc573d8ac,btc-updown-5m-1775727600,0x405c9fbe3f73986e8447012df2cc70917564e1e53d08531b3af4e0b32066451a,BUY,Up,0.6799999616901276,7.140431,4.855492806450999,2026-04-09T09:42:37+00:00,True,3,3,data-api,,,,,,,,,,,,,,,,,,152,TRANSITION,0.5909606637412432,0.025198602978158718,-0.030464691843320357,0.022777793710508018,0.025198602978158718,0.7844208019671434,UP,,,,TRADE,2026-04-09T09:42:30.030404+00:00
129,0xea15711851303abff761639e052024cc6cd328a2e692b4730dc853b34020a7f4,btc-updown-5m-1775727600,0x405c9fbe3f73986e8447012df2cc70917564e1e53d08531b3af4e0b32066451a,BUY,Up,0.68,7.57144,5.1485792,2026-04-09T09:42:37+00:00,True,2,3,data-api,,,,,,,,,,,,,,,,,,152,TRANSITION,0.5909606637412432,0.025198602978158718,-0.030464691843320357,0.022777793710508018,0.025198602978158718,0.7844208019671434,UP,,,,TRADE,2026-04-09T09:42:30.030404+00:00
128,0xf4a40f8ced085485bd4fb9337fc1f681ee5b95affbfbdb774ff272c5d28f0c66,btc-updown-5m-1775728200,0x6116212ec12665854991e35fff79a77e8aaee26e87e46f3f011b05089cd3ddbd,BUY,Up,0.5599999947294105,7.348864,4.115363801267154,2026-04-09T09:52:19+00:00,True,1,3,data-api,,,,,,,,,,,,,,,,,,168,TRANSITION,0.5547448104898554,0.005089993032382935,-0.04393663874203282,0.011163018734386479,0.005089993032382935,0.7842106239932429,UP,,,,TRADE,2026-04-09T09:52:15.534254+00:00
127,0x97c14115d5723b77a0343ab7ce2c3f5e105b5d6f8c61ec488f21702d8cf900c0,btc-updown-5m-1775728200,0x6116212ec12665854991e35fff79a77e8aaee26e87e46f3f011b05089cd3ddbd,BUY,Up,0.5599999474178207,7.36615,4.12504361267178,2026-04-09T09:52:21+00:00,True,2,3,data-api,,,,,,,,,,,,,,,,,,168,TRANSITION,0.5547448104898554,0.005089993032382935,-0.04393663874203282,0.011163018734386479,0.005089993032382935,0.7842106239932429,UP,,,,TRADE,2026-04-09T09:52:15.534254+00:00
126,0x8e4233b16220800a6d86ed1ec9cf7986bb55c0be6bebeb403d547a5723fbd9c7,btc-updown-5m-1775728200,0x6116212ec12665854991e35fff79a77e8aaee26e87e46f3f011b05089cd3ddbd,BUY,Up,0.57,6.0565,3.4522049999999997,2026-04-09T09:52:23+00:00,True,3,3,data-api,,,,,,,,,,,,,,,,,,168,TRANSITION,0.5547448104898554,0.005089993032382935,-0.04393663874203282,0.011163018734386479,0.005089993032382935,0.7842106239932429,UP,,,,TRADE,2026-04-09T09:52:15.534254+00:00
125,0x09bd970f3191f45b7224f7b890e27ece29c9f5ea5aa7d72f11635a4babffb639,btc-updown-5m-1775728800,0x28b217a6d5cf6baa5c1366d6cacf972bca4bc69565a3dd216e403ed5be518be2,BUY,Down,0.6899999666800687,7.042136,4.859073605356512,2026-04-09T10:03:29+00:00,False,1,1,data-api,,,,,,,,,,,,,,,,,,100,NORMAL,0.5012891114645696,-0.014138852311548225,-0.08300868893240329,-0.02294100260180719,-0.014138852311548225,0.1616731709715288,DOWN,,,,TRADE,2026-04-09T10:03:22.124669+00:00
124,0xfd3fd0f731a19038872fc249978ae127ba0b4ffef415d24e611f56bc168cb0ba,btc-updown-5m-1775729700,0xa0731bfb967995fdffe28e63e3600c49ae26169cd5ba7a86848070fc295e8d9e,BUY,Up,0.68,9.03688,6.1450784,2026-04-09T10:17:53+00:00,True,1,3,data-api,,,,,,,,,,,,,,,,,,134,CASCADE,0.7167612887827848,0.0394925735900186,-0.0234816901660962,0.06179308319917397,0.0394925735900186,0.81732214312329,UP,,,,TRADE,2026-04-09T10:17:48.314658+00:00
123,0x0daa491ce73ae48032dbbd5e535e005cc99cb9418a656c22bc7c177fc83538b8,btc-updown-5m-1775729700,0xa0731bfb967995fdffe28e63e3600c49ae26169cd5ba7a86848070fc295e8d9e,BUY,Up,0.65,9.0169,5.860985,2026-04-09T10:17:55+00:00,True,3,3,data-api,,,,,,,,,,,,,,,,,,134,CASCADE,0.7167612887827848,0.0394925735900186,-0.0234816901660962,0.06179308319917397,0.0394925735900186,0.81732214312329,UP,,,,TRADE,2026-04-09T10:17:48.314658+00:00
122,0xa221d848cb00cda666031a5420c2cd9ff14da92b1bfa81de2dd17a104fb10d54,btc-updown-5m-1775729700,0xa0731bfb967995fdffe28e63e3600c49ae26169cd5ba7a86848070fc295e8d9e,BUY,Up,0.6899999672007,8.048153,5.5532253060262144,2026-04-09T10:17:55+00:00,True,2,3,data-api,,,,,,,,,,,,,,,,,,134,CASCADE,0.7167612887827848,0.0394925735900186,-0.0234816901660962,0.06179308319917397,0.0394925735900186,0.81732214312329,UP,,,,TRADE,2026-04-09T10:17:48.314658+00:00
121,0x91d22fca2838364595d960188dcd66ed9b6fdea94cf899a3cbc72275b89e90a3,btc-updown-5m-1775730600,0x3eeff5cfc9ca98b33432201e3642b53ec265051142b1b9b0ee9ba1764102f6e5,BUY,Down,0.6099999722727248,11.917974000000001,7.269963809547056,2026-04-09T10:33:27+00:00,True,1,3,data-api,,,,,,,,,,,,,,,,,,100,NORMAL,0.49152462158847415,-0.03479215603353649,-0.0371689244254737,-0.009656516281261351,-0.03479215603353649,0.16204698115509042,DOWN,,,,TRADE,2026-04-09T10:33:22.495191+00:00
120,0x576b91b23c1fbe9a2465f2231e1157b696636a01c3ddbee60e6dca1606c85167,btc-updown-5m-1775730600,0x3eeff5cfc9ca98b33432201e3642b53ec265051142b1b9b0ee9ba1764102f6e5,BUY,Down,0.6199999825352068,11.138300000000001,6.905745805471895,2026-04-09T10:33:29+00:00,True,3,3,data-api,,,,,,,,,,,,,,,,,,100,NORMAL,0.49152462158847415,-0.03479215603353649,-0.0371689244254737,-0.009656516281261351,-0.03479215603353649,0.16204698115509042,DOWN,,,,TRADE,2026-04-09T10:33:22.495191+00:00
119,0xaa7e8c460333b1433fabec92047c88fc28f3eac70e594bf108597946d9bde8b6,btc-updown-5m-1775730600,0x3eeff5cfc9ca98b33432201e3642b53ec265051142b1b9b0ee9ba1764102f6e5,BUY,Down,0.63,10.70696,6.7453848,2026-04-09T10:33:29+00:00,True,2,3,data-api,,,,,,,,,,,,,,,,,,100,NORMAL,0.49152462158847415,-0.03479215603353649,-0.0371689244254737,-0.009656516281261351,-0.03479215603353649,0.16204698115509042,DOWN,,,,TRADE,2026-04-09T10:33:22.495191+00:00
118,0x346eeb8a453f9ba6c1e6a0d40fea425e2eee497a9babb25d99ccdb8f3153e2fe,btc-updown-5m-1775730900,0x1c5cd5dc85b0d11e798c89852d65d992ce8a557a3b7363e5fd1ca2c8d6c01544,BUY,Up,0.6199999729075597,9.334213,5.787211807113391,2026-04-09T10:38:27+00:00,True,1,3,data-api,,,,,,,,,,,,,,,,,,100,NORMAL,0.5472147535919554,0.019517212800672448,-0.03748594277145337,0.031595095014822085,0.019517212800672448,0.8439713414183202,UP,,,,TRADE,2026-04-09T10:38:22.188370+00:00
117,0x06fe349235199c4baeca383e6080019986256e6d2383646b0d5fad21da3eb4e6,btc-updown-5m-1775730900,0x1c5cd5dc85b0d11e798c89852d65d992ce8a557a3b7363e5fd1ca2c8d6c01544,BUY,Up,0.64,8.64496,5.5327744,2026-04-09T10:38:29+00:00,True,3,3,data-api,,,,,,,,,,,,,,,,,,100,NORMAL,0.5472147535919554,0.019517212800672448,-0.03748594277145337,0.031595095014822085,0.019517212800672448,0.8439713414183202,UP,,,,TRADE,2026-04-09T10:38:22.188370+00:00
116,0xf03fa01425172e0109f9cd40fe7633c340fca2f24773cd5cb375ed84afcc8989,btc-updown-5m-1775730900,0x1c5cd5dc85b0d11e798c89852d65d992ce8a557a3b7363e5fd1ca2c8d6c01544,BUY,Up,0.65,8.5295,5.544175000000001,2026-04-09T10:38:29+00:00,True,2,3,data-api,,,,,,,,,,,,,,,,,,100,NORMAL,0.5472147535919554,0.019517212800672448,-0.03748594277145337,0.031595095014822085,0.019517212800672448,0.8439713414183202,UP,,,,TRADE,2026-04-09T10:38:22.188370+00:00
115,0x70683faac0f223205e27a1139dccefd27b8e2bbf283a9f4523be33efaf00dfd2,btc-updown-5m-1775733600,0xa8aa215ba1c6b3e743c2f52e8f2939bd6f8ff0df12d16dfe2f1b5cf5c6831af8,BUY,Up,0.55,13.75752,7.566636,2026-04-09T11:23:13+00:00,True,1,3,data-api,,,,,,,,,,,,,,,,,,114,TRANSITION,0.6016698145801009,0.00048464843826795037,-0.05049869568440036,0.012433950683169138,0.00048464843826795037,0.8174678740899187,UP,,,,TRADE,2026-04-09T11:23:08.290302+00:00
114,0x59798aa3c23cd027d2a0814bbdba66a03b087f314a21dc47b24603263afd0af6,btc-updown-5m-1775733600,0xa8aa215ba1c6b3e743c2f52e8f2939bd6f8ff0df12d16dfe2f1b5cf5c6831af8,BUY,Up,0.5099999843277834,14.773464,7.534466408467072,2026-04-09T11:23:15+00:00,True,2,3,data-api,,,,,,,,,,,,,,,,,,114,TRANSITION,0.6016698145801009,0.00048464843826795037,-0.05049869568440036,0.012433950683169138,0.00048464843826795037,0.8174678740899187,UP,,,,TRADE,2026-04-09T11:23:08.290302+00:00
113,0x1014d13a57bdfd94e131fd8ba55ae67e2f6c358d3c09a16de7bedbb0a4dd4fe3,btc-updown-5m-1775733600,0xa8aa215ba1c6b3e743c2f52e8f2939bd6f8ff0df12d16dfe2f1b5cf5c6831af8,BUY,Up,0.51,11.09428,5.6580828,2026-04-09T11:23:17+00:00,True,3,3,data-api,,,,,,,,,,,,,,,,,,114,TRANSITION,0.6016698145801009,0.00048464843826795037,-0.05049869568440036,0.012433950683169138,0.00048464843826795037,0.8174678740899187,UP,,,,TRADE,2026-04-09T11:23:08.290302+00:00
112,0xb90985f0369badaf1cc99a561df16b40abc0590befc905acee07083b3a8889f3,btc-updown-5m-1775736300,0x4f9cdc270de43c24baf901f4b3d0b534e86396f3896fc104adc6c3457517e2e1,BUY,Down,0.5299999752422114,10.536619,5.584407809136614,2026-04-09T12:08:25+00:00,True,1,3,data-api,,,,,,,,,,,,,,,,,,100,NORMAL,0.4708942565388902,-0.011615540400781927,-0.05501260009041652,-0.005648728046043182,-0.011615540400781927,0.18081951015926245,DOWN,,,,TRADE,2026-04-09T12:08:21.921795+00:00
111,0x3277166b274c665d662d05c75d8e7c816f709e293d9565d5b1c4a2833e23b2d7,btc-updown-5m-1775736300,0x4f9cdc270de43c24baf901f4b3d0b534e86396f3896fc104adc6c3457517e2e1,BUY,Down,0.51,8.20012,4.1820612,2026-04-09T12:08:29+00:00,True,3,3,data-api,,,,,,,,,,,,,,,,,,100,NORMAL,0.4708942565388902,-0.011615540400781927,-0.05501260009041652,-0.005648728046043182,-0.011615540400781927,0.18081951015926245,DOWN,,,,TRADE,2026-04-09T12:08:21.921795+00:00
110,0xfa1eeceb25ac285dcbb98bb3c4144db3379c38caaa67356fe5b23b434f37a845,btc-updown-5m-1775736300,0x4f9cdc270de43c24baf901f4b3d0b534e86396f3896fc104adc6c3457517e2e1,BUY,Down,0.5099999973063376,10.744333,5.479609801058394,2026-04-09T12:08:29+00:00,True,2,3,data-api,,,,,,,,,,,,,,,,,,100,NORMAL,0.4708942565388902,-0.011615540400781927,-0.05501260009041652,-0.005648728046043182,-0.011615540400781927,0.18081951015926245,DOWN,,,,TRADE,2026-04-09T12:08:21.921795+00:00
109,0x522a33127f1c83715ac90d38c33f73dd5e01a65d4270d226187135be795e017f,btc-updown-5m-1775742000,0x5b1f735dbb94074a3227058f51e0aa6a0ea7c03239ab1d49b5de8c5327c9cab4,BUY,Up,0.559999980235289,5.879087,3.2922886038015444,2026-04-09T13:43:59+00:00,True,1,3,data-api,,,,,,,,,,,,,,,,,,68,TRANSITION,0.5631350651118805,0.03390103486903345,-0.03412179917863347,0.009207670963808777,0.03390103486903345,0.7996275907713919,UP,,,,TRADE,2026-04-09T13:43:54.423475+00:00
108,0x6423148db8657e6ecc9a9c1d165d9b6dc04f9e456663815d9f92b320dd98f96c,btc-updown-5m-1775742000,0x5b1f735dbb94074a3227058f51e0aa6a0ea7c03239ab1d49b5de8c5327c9cab4,BUY,Up,0.5099999525915403,6.715213,3.4247583116420954,2026-04-09T13:44:01+00:00,True,3,3,data-api,,,,,,,,,,,,,,,,,,68,TRANSITION,0.5631350651118805,0.03390103486903345,-0.03412179917863347,0.009207670963808777,0.03390103486903345,0.7996275907713919,UP,,,,TRADE,2026-04-09T13:43:54.423475+00:00
107,0x45943e6aa58c3a05d4fa9bd0d3dccedbab0ca29b53ad261e7dc9c5f86ed26418,btc-updown-5m-1775742000,0x5b1f735dbb94074a3227058f51e0aa6a0ea7c03239ab1d49b5de8c5327c9cab4,BUY,Up,0.52,4.8272,2.5101440000000004,2026-04-09T13:44:01+00:00,True,2,3,data-api,,,,,,,,,,,,,,,,,,68,TRANSITION,0.5631350651118805,0.03390103486903345,-0.03412179917863347,0.009207670963808777,0.03390103486903345,0.7996275907713919,UP,,,,TRADE,2026-04-09T13:43:54.423475+00:00
106,0x2b87eff30927e3e6087f2de63d20d91854f95e74af5336a6d7108028aaaff330,btc-updown-5m-1775745600,0x4111b7a1fc0c46c8186eb1beb051a3696426785c8806143d0e861673db9e9580,BUY,Up,0.6499999617646969,5.0989580000000005,3.3143225050397955,2026-04-09T14:42:35+00:00,True,1,3,data-api,,,,,,,,,,,,,,,,,,150,TRANSITION,0.5919831919323988,0.04622189213554687,-0.0183325617085551,0.052080490016101044,0.04622189213554687,0.7286836646963346,UP,,,,TRADE,2026-04-09T14:42:31.690437+00:00
105,0x11331e23714fc6bd10ca852e09cd14a6f3399aa5a7ea2b881547ef2d5caf4c3e,btc-updown-5m-1775745600,0x4111b7a1fc0c46c8186eb1beb051a3696426785c8806143d0e861673db9e9580,BUY,Up,0.6799999693521054,5.100307,3.4682086036863287,2026-04-09T14:42:39+00:00,True,3,3,data-api,,,,,,,,,,,,,,,,,,150,TRANSITION,0.5919831919323988,0.04622189213554687,-0.0183325617085551,0.052080490016101044,0.04622189213554687,0.7286836646963346,UP,,,,TRADE,2026-04-09T14:42:31.690437+00:00
104,0x9ca2fcdd435df1966e1e99e58f70eed4da029154a52ecad9fcc48c5372068adc,btc-updown-5m-1775745600,0x4111b7a1fc0c46c8186eb1beb051a3696426785c8806143d0e861673db9e9580,BUY,Up,0.67,4.8812,3.270404,2026-04-09T14:42:39+00:00,True,2,3,data-api,,,,,,,,,,,,,,,,,,150,TRANSITION,0.5919831919323988,0.04622189213554687,-0.0183325617085551,0.052080490016101044,0.04622189213554687,0.7286836646963346,UP,,,,TRADE,2026-04-09T14:42:31.690437+00:00
103,0x5340df9cbaa3a1c7d2296ed789bc2a5082517f121d6a29b6b8cc44a2b59add74,btc-updown-5m-1775749500,0x3580a827fc9be29203ed2848b8cfdb00263ba2d860812acd64b62b550168732a,BUY,Up,0.559999980235289,5.879087,3.2922886038015444,2026-04-09T15:47:47+00:00,True,1,3,data-api,,,,,,,,,,,,,,,,,,144,CALM,0.43564511667203754,0.017682346472870803,-0.05057179425812022,0.07744629781862414,0.017682346472870803,0.7286836646963346,UP,,,,TRADE,2026-04-09T15:47:43.426621+00:00
102,0x413a17e3fc4ecddfdf7bca67052fdfe5c9ab5808122782d886ae4427572ab318,btc-updown-5m-1775749500,0x3580a827fc9be29203ed2848b8cfdb00263ba2d860812acd64b62b550168732a,BUY,Up,0.54,4.8344,2.610576,2026-04-09T15:47:51+00:00,True,3,3,data-api,,,,,,,,,,,,,,,,,,144,CALM,0.43564511667203754,0.017682346472870803,-0.05057179425812022,0.07744629781862414,0.017682346472870803,0.7286836646963346,UP,,,,TRADE,2026-04-09T15:47:43.426621+00:00
101,0xac7216dbd6bd8aefb2dad635d1732c4926b03b627b3530468b0eab609af33ef7,btc-updown-5m-1775749500,0x3580a827fc9be29203ed2848b8cfdb00263ba2d860812acd64b62b550168732a,BUY,Up,0.5499999690140775,6.245424,3.434983006479776,2026-04-09T15:47:51+00:00,True,2,3,data-api,,,,,,,,,,,,,,,,,,144,CALM,0.43564511667203754,0.017682346472870803,-0.05057179425812022,0.07744629781862414,0.017682346472870803,0.7286836646963346,UP,,,,TRADE,2026-04-09T15:47:43.426621+00:00
100,0x735564ca0664b88f075559b178fff8ea833cf800df053199fb9b5906e1b974d3,btc-updown-5m-1775754300,0x0adb01e1fb6b170984836531c089acf1b98df218969f22fe80027c2be4a02fb6,BUY,Up,0.6099999838529369,5.4172590000000005,3.304527902527177,2026-04-09T17:08:27+00:00,True,1,3,data-api,,,,,,,,,,,,,,,,,,100,NORMAL,0.5251126039211357,0.012899330435980067,-0.014861205038133513,0.04499311612974739,0.012899330435980067,0.7637611569190081,UP,,,,TRADE,2026-04-09T17:08:22.367685+00:00
99,0x8c208ddc1a49776513d79ba77c94f694192f1ccebc16e729f77b61f98d25b31f,btc-updown-5m-1775754300,0x0adb01e1fb6b170984836531c089acf1b98df218969f22fe80027c2be4a02fb6,BUY,Up,0.6299999396619436,5.484808,3.4554287090573452,2026-04-09T17:08:29+00:00,True,3,3,data-api,,,,,,,,,,,,,,,,,,100,NORMAL,0.5251126039211357,0.012899330435980067,-0.014861205038133513,0.04499311612974739,0.012899330435980067,0.7637611569190081,UP,,,,TRADE,2026-04-09T17:08:22.367685+00:00
98,0x7eccd99b96351874ba3c22efbb7f9c6da23a0b31a336b7e4af9fdd7984d67d93,btc-updown-5m-1775754300,0x0adb01e1fb6b170984836531c089acf1b98df218969f22fe80027c2be4a02fb6,BUY,Up,0.64,4.8704,3.1170560000000003,2026-04-09T17:08:29+00:00,True,2,3,data-api,,,,,,,,,,,,,,,,,,100,NORMAL,0.5251126039211357,0.012899330435980067,-0.014861205038133513,0.04499311612974739,0.012899330435980067,0.7637611569190081,UP,,,,TRADE,2026-04-09T17:08:22.367685+00:00
97,0x6fdfa39eaa0a08a64c9cbdfe4174fc84f860c157f137d386ea0e8fb51bfbdb5e,btc-updown-5m-1775754600,0x83bbe61c1ed0106020f4fae9863146196db91f055805004881d72495767b2644,BUY,Down,0.68,4.8848,3.3216640000000006,2026-04-09T17:13:25+00:00,True,1,2,data-api,,,,,,,,,,,,,,,,,,102,TRANSITION,0.6231661106095531,-0.02777153699904756,-0.11565922723851656,-0.014281466678234614,-0.02777153699904756,0.2462331627282268,DOWN,,,,TRADE,2026-04-09T17:13:21.798689+00:00
96,0x92c739b2d44fcb6753005d1e72f49cc7c33951987067f08970edb2aa57c3edd1,btc-updown-5m-1775754600,0x83bbe61c1ed0106020f4fae9863146196db91f055805004881d72495767b2644,BUY,Down,0.6699999962253511,5.172616,3.4656527004751907,2026-04-09T17:13:29+00:00,True,2,2,data-api,,,,,,,,,,,,,,,,,,102,TRANSITION,0.6231661106095531,-0.02777153699904756,-0.11565922723851656,-0.014281466678234614,-0.02777153699904756,0.2462331627282268,DOWN,,,,TRADE,2026-04-09T17:13:21.798689+00:00
95,0xfe67bb44b95c6d6ff3f99809f521ecbcc4fe55e349e6912393563e780009334d,btc-updown-5m-1775754900,0x6e0708874b80df82f8b475a7123331e02dc16ccb0753dbb57bc5f0ee66d25e1a,BUY,Up,0.68,4.8848,3.3216640000000006,2026-04-09T17:17:39+00:00,False,1,1,data-api,,,,,,,,,,,,,,,,,,150,TRANSITION,0.6065322992280077,0.07127612185828328,0.03274432642105054,0.04881934503895385,0.07127612185828328,0.7286836646963346,UP,,,,TRADE,2026-04-09T17:17:33.448970+00:00
94,0x7eb02802397d80b8738384a7ad87761bca05dcc1b307d6612c2a2c8a897510f5,btc-updown-5m-1775756400,0x433d1b628a6133dde16d8bb78f07abcf00bac616eabcde6d9dbb992051ca2b2b,BUY,Up,0.6,5.503475,3.302085,2026-04-09T17:43:37+00:00,True,1,3,data-api,,,,,,,,,,,,,,,,,,90,CASCADE,0.6759366542550437,0.021016099905841853,-0.01510504356576552,0.04111775113239341,0.021016099905841853,0.7637611569190081,UP,,,,TRADE,2026-04-09T17:43:32.581875+00:00
93,0xd70511fba76e7e39d8359634c9a3e78aac4ac10efac9b63509480d73c3bfe213,btc-updown-5m-1775756400,0x433d1b628a6133dde16d8bb78f07abcf00bac616eabcde6d9dbb992051ca2b2b,BUY,Up,0.5799999934647869,5.935608,3.442652601209537,2026-04-09T17:43:43+00:00,True,2,3,data-api,,,,,,,,,,,,,,,,,,90,CASCADE,0.6759366542550437,0.021016099905841853,-0.01510504356576552,0.04111775113239341,0.021016099905841853,0.7637611569190081,UP,,,,TRADE,2026-04-09T17:43:32.581875+00:00
92,0x05630ade216ab73dddd976bf96b49bfc6b683865fc6df9b59cef4d8cd24ae957,btc-updown-5m-1775756400,0x433d1b628a6133dde16d8bb78f07abcf00bac616eabcde6d9dbb992051ca2b2b,BUY,Up,0.55,4.838,2.6609000000000003,2026-04-09T17:43:47+00:00,True,3,3,data-api,,,,,,,,,,,,,,,,,,90,CASCADE,0.6759366542550437,0.021016099905841853,-0.01510504356576552,0.04111775113239341,0.021016099905841853,0.7637611569190081,UP,,,,TRADE,2026-04-09T17:43:32.581875+00:00
91,0x3657e31c1281b4054cffa5402fd5efa1ef84fd7e8654e86cb304f57ff64b007b,btc-updown-5m-1775760300,0x1a574bcfffaafeb61ee716d6fd44059f5140900b278d9df7aaa44b9b65ceb98f,BUY,Down,0.5199999813731294,6.219666,3.2342262041470864,2026-04-09T18:47:43+00:00,True,1,3,data-api,,,,,,,,,,,,,,,,,,142,CASCADE,0.6512958847716648,-0.003002446417613167,-0.034686737834793493,-0.08204108374064736,-0.003002446417613167,0.2833919858523836,DOWN,,,,TRADE,2026-04-09T18:47:39.644887+00:00
90,0x37d7a9ed772a9a623b022e0f66b1f54e7718913892efc5529608287829348647,btc-updown-5m-1775760300,0x1a574bcfffaafeb61ee716d6fd44059f5140900b278d9df7aaa44b9b65ceb98f,BUY,Down,0.5399999691428501,6.26682,3.384082606623796,2026-04-09T18:47:47+00:00,True,2,3,data-api,,,,,,,,,,,,,,,,,,142,CASCADE,0.6512958847716648,-0.003002446417613167,-0.034686737834793493,-0.08204108374064736,-0.003002446417613167,0.2833919858523836,DOWN,,,,TRADE,2026-04-09T18:47:39.644887+00:00
89,0xdf798d6f994523d4ffd8511972bf4e12537d9809362ec8497433a78b0996d16f,btc-updown-5m-1775760300,0x1a574bcfffaafeb61ee716d6fd44059f5140900b278d9df7aaa44b9b65ceb98f,BUY,Down,0.54,4.8344,2.610576,2026-04-09T18:47:49+00:00,True,3,3,data-api,,,,,,,,,,,,,,,,,,142,CASCADE,0.6512958847716648,-0.003002446417613167,-0.034686737834793493,-0.08204108374064736,-0.003002446417613167,0.2833919858523836,DOWN,,,,TRADE,2026-04-09T18:47:39.644887+00:00
88,0x88b3746c8da290eedb5382da76487dae06fe9bba90a111bffd2775fa7a836377,btc-updown-5m-1775772600,0x0d20e82480747b00cac452a53d7eb5782bcd9d2697d32ad39ad63c6e12840896,BUY,Up,0.6599999534117543,5.025414,3.3167730058747775,2026-04-09T22:12:37+00:00,True,1,3,data-api,,,,,,,,,,,,,,,,,,150,CASCADE,0.667740577493137,0.023123189898813457,-0.018566115678507716,0.05513887703179972,0.023123189898813457,0.7286836646963346,UP,,,,TRADE,2026-04-09T22:12:32.058279+00:00
87,0x80b988ff8040c59aa4a56e69f595b3e3829ac5b073bb628b8b3b8ef421c5df95,btc-updown-5m-1775772600,0x0d20e82480747b00cac452a53d7eb5782bcd9d2697d32ad39ad63c6e12840896,BUY,Up,0.6699999962253511,5.172616,3.4656527004751907,2026-04-09T22:12:39+00:00,True,3,3,data-api,,,,,,,,,,,,,,,,,,150,CASCADE,0.667740577493137,0.023123189898813457,-0.018566115678507716,0.05513887703179972,0.023123189898813457,0.7286836646963346,UP,,,,TRADE,2026-04-09T22:12:32.058279+00:00
86,0x4b1b593799e0e00c1f7801b1a113dad1b809e4e2c363df851dbb507453b7a942,btc-updown-5m-1775772600,0x0d20e82480747b00cac452a53d7eb5782bcd9d2697d32ad39ad63c6e12840896,BUY,Up,0.67,4.8812,3.270404,2026-04-09T22:12:39+00:00,True,2,3,data-api,,,,,,,,,,,,,,,,,,150,CASCADE,0.667740577493137,0.023123189898813457,-0.018566115678507716,0.05513887703179972,0.023123189898813457,0.7286836646963346,UP,,,,TRADE,2026-04-09T22:12:32.058279+00:00
85,0xc6da1623d80fe48be565a48cdb03bca69d752a42cc7e6c8650f783aedcfc8bce,btc-updown-5m-1775776800,0x2bd06713327d38aeb03a515a6e859bcb088df933cea4facf7f0f854369871642,BUY,Up,0.5599999936901391,6.138464,3.437539801267146,2026-04-09T23:22:45+00:00,True,1,2,data-api,,,,,,,,,,,,,,,,,,144,CASCADE,0.6670410331353716,0.0075230815280530935,-0.06375859565223566,0.00014372214386991085,0.0075230815280530935,0.7286836646963346,UP,,,,TRADE,2026-04-09T23:22:38.490023+00:00
84,0xe30a2a86b04de8e320f324da87d5d3dc68eec81073f13adab3b540002a82c462,btc-updown-5m-1775776800,0x2bd06713327d38aeb03a515a6e859bcb088df933cea4facf7f0f854369871642,BUY,Up,0.55,4.838,2.6609000000000003,2026-04-09T23:22:47+00:00,True,2,2,data-api,,,,,,,,,,,,,,,,,,144,CASCADE,0.6670410331353716,0.0075230815280530935,-0.06375859565223566,0.00014372214386991085,0.0075230815280530935,0.7286836646963346,UP,,,,TRADE,2026-04-09T23:22:38.490023+00:00
83,0x3371aded0209035b7f427aae638c487845e7dd9ace4e0499f26b6a669dade3e9,btc-updown-5m-1775779800,0x36d9a1e64ff9cb8e65988c6b8df915af78f2c6390e9a49a93e82111a68870c3f,BUY,Up,0.5399999361126656,6.356343,3.432424813910189,2026-04-10T00:12:43+00:00,True,1,2,data-api,,,,,,,,,,,,,,,,,,148,CASCADE,0.731675324950125,0.03670067621029003,-0.01002315069389032,0.021276237712950546,0.03670067621029003,0.7286836646963346,UP,,,,TRADE,2026-04-10T00:12:35.382228+00:00
82,0xb9e1b9254b775dd45252f0e52a37a06ad2cf6859b2c6f5dfadad7fa4824f0980,btc-updown-5m-1775779800,0x36d9a1e64ff9cb8e65988c6b8df915af78f2c6390e9a49a93e82111a68870c3f,BUY,Up,0.49,4.8164,2.360036,2026-04-10T00:12:45+00:00,True,2,2,data-api,,,,,,,,,,,,,,,,,,148,CASCADE,0.731675324950125,0.03670067621029003,-0.01002315069389032,0.021276237712950546,0.03670067621029003,0.7286836646963346,UP,,,,TRADE,2026-04-10T00:12:35.382228+00:00
81,0xd1065c7ba6bf70f3a7b9c4cd95aa3a6855bb58263ed0bcf22825ed1aae40a2a0,btc-updown-5m-1775780100,0x08ef2a37864b5ff4232afa725eccddd7776124889a033814fc0a4ffc7fbf430f,BUY,Down,0.5,6.4588,3.2294,2026-04-10T00:17:39+00:00,True,1,3,data-api,,,,,,,,,,,,,,,,,,150,CASCADE,0.7495338302442631,-0.03910709819030413,-0.08809129856822363,-0.03540349315559633,-0.03910709819030413,0.2833919858523836,DOWN,,,,TRADE,2026-04-10T00:17:33.970820+00:00
80,0xf0caf9040b9265875099f3821a118c5bbf32e019a6b21a240288ac69238a3948,btc-updown-5m-1775780100,0x08ef2a37864b5ff4232afa725eccddd7776124889a033814fc0a4ffc7fbf430f,BUY,Down,0.509999935885704,6.620634,3.3765229155227123,2026-04-10T00:17:41+00:00,True,3,3,data-api,,,,,,,,,,,,,,,,,,150,CASCADE,0.7495338302442631,-0.03910709819030413,-0.08809129856822363,-0.03540349315559633,-0.03910709819030413,0.2833919858523836,DOWN,,,,TRADE,2026-04-10T00:17:33.970820+00:00
79,0xcf9580783f14ba43d54bce9909448ff9fb6b98770e66fdd5a85c98cfa7bc178c,btc-updown-5m-1775780100,0x08ef2a37864b5ff4232afa725eccddd7776124889a033814fc0a4ffc7fbf430f,BUY,Down,0.52,4.8272,2.5101440000000004,2026-04-10T00:17:41+00:00,True,2,3,data-api,,,,,,,,,,,,,,,,,,150,CASCADE,0.7495338302442631,-0.03910709819030413,-0.08809129856822363,-0.03540349315559633,-0.03910709819030413,0.2833919858523836,DOWN,,,,TRADE,2026-04-10T00:17:33.970820+00:00
78,0x8b8c46b26ea146cdcb79f2f6db43fd3ceec4c3eac00764641b1877b885c9a305,btc-updown-5m-1775780700,0x335c386c82c5741baac4a14a4b7b8589c5df066e74aa6f413b9e7c6d3e25c92c,BUY,Up,0.5717599280254938,5.7632,3.295166817196526,2026-04-10T00:27:37+00:00,True,1,3,data-api,,,,,,,,,,,,,,,,,,150,CASCADE,0.6822063136114298,0.04442665342337757,-0.011846474710993093,0.004108890144391114,0.04442665342337757,0.7286836646963346,UP,,,,TRADE,2026-04-10T00:27:32.404086+00:00
77,0x6a4ae5b0b94b9bfaecd3d5cb8e8c30245555595a135fee809cebaaee9aee0413,btc-updown-5m-1775780700,0x335c386c82c5741baac4a14a4b7b8589c5df066e74aa6f413b9e7c6d3e25c92c,BUY,Up,0.6,5.746275,3.447765,2026-04-10T00:27:39+00:00,True,3,3,data-api,,,,,,,,,,,,,,,,,,150,CASCADE,0.6822063136114298,0.04442665342337757,-0.011846474710993093,0.004108890144391114,0.04442665342337757,0.7286836646963346,UP,,,,TRADE,2026-04-10T00:27:32.404086+00:00
76,0xe87109b85c4cfa3f9f9d6302672373b393dbde919e4f7a030f4c7472b003ff9e,btc-updown-5m-1775780700,0x335c386c82c5741baac4a14a4b7b8589c5df066e74aa6f413b9e7c6d3e25c92c,BUY,Up,0.57,4.8452,2.761764,2026-04-10T00:27:39+00:00,True,2,3,data-api,,,,,,,,,,,,,,,,,,150,CASCADE,0.6822063136114298,0.04442665342337757,-0.011846474710993093,0.004108890144391114,0.04442665342337757,0.7286836646963346,UP,,,,TRADE,2026-04-10T00:27:32.404086+00:00
75,0x1a4a5ec9a6606738dca7728771fd1e884ff1fb49a7e374bcc5b0d0b421189767,btc-updown-5m-1775782500,0x6ab32e209abd7d9c6d51e5e303746df2ff0a8f8baefc2ddbf7e5e61fbefa3777,BUY,Down,0.5299999547941082,6.1980129999999996,3.2849466098132947,2026-04-10T00:58:23+00:00,True,1,3,data-api,,,,,,,,,,,,,,,,,,104,TRANSITION,0.5735946862174263,-0.053060199643629055,-0.11308665701137322,-0.08117723529599462,-0.053060199643629055,0.2462331627282268,DOWN,,,,TRADE,2026-04-10T00:58:18.589253+00:00
74,0x7471b4b61f832bfe5a1dd567192ad1249f2bc9e1d5c63c6497f9b871b56aff59,btc-updown-5m-1775782500,0x6ab32e209abd7d9c6d51e5e303746df2ff0a8f8baefc2ddbf7e5e61fbefa3777,BUY,Down,0.5899999468168913,5.839328,3.445203209446384,2026-04-10T00:58:25+00:00,True,3,3,data-api,,,,,,,,,,,,,,,,,,104,TRANSITION,0.5735946862174263,-0.053060199643629055,-0.11308665701137322,-0.08117723529599462,-0.053060199643629055,0.2462331627282268,DOWN,,,,TRADE,2026-04-10T00:58:18.589253+00:00
73,0x49dfd98d92cd1853b86e0d8f2c0c0a32a098a767b920886e2f70254a8b65717e,btc-updown-5m-1775782500,0x6ab32e209abd7d9c6d51e5e303746df2ff0a8f8baefc2ddbf7e5e61fbefa3777,BUY,Down,0.61,4.8596,2.964356,2026-04-10T00:58:25+00:00,True,2,3,data-api,,,,,,,,,,,,,,,,,,104,TRANSITION,0.5735946862174263,-0.053060199643629055,-0.11308665701137322,-0.08117723529599462,-0.053060199643629055,0.2462331627282268,DOWN,,,,TRADE,2026-04-10T00:58:18.589253+00:00
72,0x8c041a323ec8aeff9e8544ee68c6840d86323c7337f0351fa2572b62e9e4cd18,btc-updown-5m-1775783100,0x64de6748ada447e47b5e1465064f5e12b5797e5522839ac27ed30aa5cbe4dcc5,BUY,Down,0.34,4.7624,1.6192160000000002,2026-04-10T01:08:31+00:00,False,1,1,data-api,,,,,,,,,,,,,,,,,,96,CASCADE,0.7535454193626547,-0.01517160499749436,-0.06410009354134441,-0.0028383805258268965,-0.01517160499749436,0.2462331627282268,DOWN,,,,TRADE,2026-04-10T01:08:25.726862+00:00
71,0x73c599c31a69ee332e6bfe3970fc1d3e4a8839ecf776ab1f3f47c79953e41f8b,btc-updown-5m-1775783700,0x7b131dbf5f402ee9c8fb8d4a8c1ec624ca40b53d6864c6e60d9fa560e59def5e,BUY,Down,0.6299999777647002,5.253054,3.309423903196769,2026-04-10T01:18:25+00:00,True,1,2,data-api,,,,,,,,,,,,,,,,,,102,TRANSITION,0.5994811613912492,-0.031776037416593274,-0.09291666666665858,-0.04090503979166695,-0.031776037416593274,0.2462331627282268,DOWN,,,,TRADE,2026-04-10T01:18:20.206828+00:00
70,0xef3f570adfc2b5c2d1385e28429ea92b5ba5b3afada7358d2a3b574875f88030,btc-updown-5m-1775783700,0x7b131dbf5f402ee9c8fb8d4a8c1ec624ca40b53d6864c6e60d9fa560e59def5e,BUY,Down,0.6899998172957201,5.0300959999999995,3.470765320979932,2026-04-10T01:18:27+00:00,True,2,2,data-api,,,,,,,,,,,,,,,,,,102,TRANSITION,0.5994811613912492,-0.031776037416593274,-0.09291666666665858,-0.04090503979166695,-0.031776037416593274,0.2462331627282268,DOWN,,,,TRADE,2026-04-10T01:18:20.206828+00:00
69,0xcdde6580cc19d65264b51e3b35f87b7ae2eb27a61c22a6c0b905bf7925732a36,btc-updown-5m-1775785200,0x8576d5d0cf3e6d28aec5d1432a271929eb739a15d03ed1643ecb58db050b70fb,BUY,Up,0.38999996214705135,8.335057,3.2506719144935157,2026-04-10T01:42:39+00:00,True,1,3,data-api,,,,,,,,,,,,,,,,,,150,CASCADE,0.6762481801917275,0.038859120734338636,-0.016459197786990565,0.08836816829874553,0.038859120734338636,0.7286836646963346,UP,,,,TRADE,2026-04-10T01:42:34.113071+00:00
68,0xf59f78a7f4c1fd8d6e681da3d19554e8597a7e838e687d77234267a0f206a711,btc-updown-5m-1775785200,0x8576d5d0cf3e6d28aec5d1432a271929eb739a15d03ed1643ecb58db050b70fb,BUY,Up,0.37999994433802065,8.925074,3.3915276232127156,2026-04-10T01:42:41+00:00,True,3,3,data-api,,,,,,,,,,,,,,,,,,150,CASCADE,0.6762481801917275,0.038859120734338636,-0.016459197786990565,0.08836816829874553,0.038859120734338636,0.7286836646963346,UP,,,,TRADE,2026-04-10T01:42:34.113071+00:00
67,0x5d0559b75664bf783e66c3c3a46d2a7c2a11cfe3b817e00cf831d8810302fb1e,btc-updown-5m-1775785200,0x8576d5d0cf3e6d28aec5d1432a271929eb739a15d03ed1643ecb58db050b70fb,BUY,Up,0.37,4.7732,1.766084,2026-04-10T01:42:41+00:00,True,2,3,data-api,,,,,,,,,,,,,,,,,,150,CASCADE,0.6762481801917275,0.038859120734338636,-0.016459197786990565,0.08836816829874553,0.038859120734338636,0.7286836646963346,UP,,,,TRADE,2026-04-10T01:42:34.113071+00:00
66,0x69091e9e188452a5561682ac4b75f9959ecf5c6b230a49b9bedeb4e3da1d7556,btc-updown-5m-1775785800,0xf594b75c7cb844d0ef708f9d7eb2a0e291b7b902de40e0bb259d6bea040842ec,BUY,Up,0.5799998532940684,5.684806999999999,3.297187226005093,2026-04-10T01:52:37+00:00,True,1,3,data-api,,,,,,,,,,,,,,,,,,150,TRANSITION,0.5853513406013819,0.0852243882281579,0.03639937745850955,0.09881120516553456,0.0852243882281579,0.7286836646963346,UP,,,,TRADE,2026-04-10T01:52:31.794632+00:00
65,0x6fefec7905b5bc547bd36c50f439b19fe7bcdaa4e31f25540a12333a3636ef4e,btc-updown-5m-1775785800,0xf594b75c7cb844d0ef708f9d7eb2a0e291b7b902de40e0bb259d6bea040842ec,BUY,Up,0.5899999468168913,5.839328,3.445203209446384,2026-04-10T01:52:39+00:00,True,3,3,data-api,,,,,,,,,,,,,,,,,,150,TRANSITION,0.5853513406013819,0.0852243882281579,0.03639937745850955,0.09881120516553456,0.0852243882281579,0.7286836646963346,UP,,,,TRADE,2026-04-10T01:52:31.794632+00:00
64,0xf82de6e4d9feee9c65cf607566fede68d8f2cbd337fc9fd5b3518036583be3c7,btc-updown-5m-1775785800,0xf594b75c7cb844d0ef708f9d7eb2a0e291b7b902de40e0bb259d6bea040842ec,BUY,Up,0.57,4.8452,2.761764,2026-04-10T01:52:39+00:00,True,2,3,data-api,,,,,,,,,,,,,,,,,,150,TRANSITION,0.5853513406013819,0.0852243882281579,0.03639937745850955,0.09881120516553456,0.0852243882281579,0.7286836646963346,UP,,,,TRADE,2026-04-10T01:52:31.794632+00:00
63,0x8700940fabddae454b811552613eb5c7dbdd56b4904bdc14cbd6a8b4ba6b152c,btc-updown-5m-1775786400,0x0a15b85c383b35eb0f8ceb05ae7f084e69d30226af0c6a919a36245023f5f4fb,BUY,Down,0.71,4.8956,3.475876,2026-04-10T02:03:57+00:00,False,1,1,data-api,,,,,,,,,,,,,,,,,,72,TRANSITION,0.6328853539820734,-0.020825996531407348,-0.06060317971981171,-0.01859046369537834,-0.020825996531407348,0.21172447634074845,DOWN,,,,TRADE,2026-04-10T02:03:50.199177+00:00
62,0x4832723887055fdab63c212a1675473905534f43c9d96026829d7b1ba6b17270,btc-updown-5m-1775787900,0x24537d60c9fcde172e1b0962e87c6bc488f906eeea295b620bcfd27a0d177abd,BUY,Down,0.5099999774999944,6.431475,3.280052105291776,2026-04-10T02:28:27+00:00,True,1,3,data-api,,,,,,,,,,,,,,,,,,98,TRANSITION,0.5664902379288379,-0.013047944466145947,-0.06451249155499622,-0.003504758506226747,-0.013047944466145947,0.2462331627282268,DOWN,,,,TRADE,2026-04-10T02:28:23.643887+00:00
61,0x2735ba1516eee0df3e66c1787c8eb8fed59210d36245c3fd1943480d9545a624,btc-updown-5m-1775787900,0x24537d60c9fcde172e1b0962e87c6bc488f906eeea295b620bcfd27a0d177abd,BUY,Down,0.5199999355492856,6.590992,3.427315415205857,2026-04-10T02:28:29+00:00,True,2,3,data-api,,,,,,,,,,,,,,,,,,98,TRANSITION,0.5664902379288379,-0.013047944466145947,-0.06451249155499622,-0.003504758506226747,-0.013047944466145947,0.2462331627282268,DOWN,,,,TRADE,2026-04-10T02:28:23.643887+00:00
60,0xacf4957a39859bd0896bb5ab19dd12640d88e95dc28b25d4350967c64be312d4,btc-updown-5m-1775787900,0x24537d60c9fcde172e1b0962e87c6bc488f906eeea295b620bcfd27a0d177abd,BUY,Down,0.51,4.8236,2.460036,2026-04-10T02:28:31+00:00,True,3,3,data-api,,,,,,,,,,,,,,,,,,98,TRANSITION,0.5664902379288379,-0.013047944466145947,-0.06451249155499622,-0.003504758506226747,-0.013047944466145947,0.2462331627282268,DOWN,,,,TRADE,2026-04-10T02:28:23.643887+00:00
59,0xac292d721fa757efb24440c036ee733575048e17d0609616976b8b436d516647,btc-updown-5m-1775788800,0x96cf9d3e138194aba351eacde3e7ea9ac0c39eb596f453779ebb9f71427bd9bc,BUY,Down,0.6699999962253511,5.172616,3.4656527004751907,2026-04-10T02:43:25+00:00,False,1,1,data-api,,,,,,,,,,,,,,,,,,104,TRANSITION,0.616752036308164,-0.05302358490269034,-0.09854903451876054,-0.04456323045728989,-0.05302358490269034,0.2462331627282268,DOWN,,,,TRADE,2026-04-10T02:43:18.480948+00:00
58,0x9f4e5eba456ace76610b36204f4567b17e04364e3c3e37d2c5c7d3ae165f6394,btc-updown-5m-1775790300,0xd29e54c5d1722c20762fb2c5407ddde6cc44ef0772fe851f8827d8242855c5d2,BUY,Up,0.5899998438234789,5.5926,3.2996331265671883,2026-04-10T03:08:23+00:00,True,1,3,data-api,,,,,,,,,,,,,,,,,,104,CASCADE,0.694315170323313,0.04784532218539205,-0.006073251192025423,0.03801111525877315,0.04784532218539205,0.7637611569190081,UP,,,,TRADE,2026-04-10T03:08:18.103322+00:00
57,0x9f145ceec023d95a28e9da9915b4d5d51de8669776cc89a1419dff37bcda8035,btc-updown-5m-1775790300,0xd29e54c5d1722c20762fb2c5407ddde6cc44ef0772fe851f8827d8242855c5d2,BUY,Up,0.629999827859105,5.484809,3.45542872584007,2026-04-10T03:08:25+00:00,True,3,3,data-api,,,,,,,,,,,,,,,,,,104,CASCADE,0.694315170323313,0.04784532218539205,-0.006073251192025423,0.03801111525877315,0.04784532218539205,0.7637611569190081,UP,,,,TRADE,2026-04-10T03:08:18.103322+00:00
56,0x95c2b65f1dd96772a28df585902b50759f4e40d6d1cc0fe873e8523156d950a1,btc-updown-5m-1775790300,0xd29e54c5d1722c20762fb2c5407ddde6cc44ef0772fe851f8827d8242855c5d2,BUY,Up,0.62,4.8632,3.015184,2026-04-10T03:08:25+00:00,True,2,3,data-api,,,,,,,,,,,,,,,,,,104,CASCADE,0.694315170323313,0.04784532218539205,-0.006073251192025423,0.03801111525877315,0.04784532218539205,0.7637611569190081,UP,,,,TRADE,2026-04-10T03:08:18.103322+00:00
55,0x4a7ca5e600e828e0182eca728ddc41dc8a3d4c636525d056d54a5c3663612790,btc-updown-5m-1775791200,0xa27e18582fb03fc8d0020a3b9e841487b313734a7e157e8acd2abb9ab63c2693,BUY,Down,0.64,4.8704,3.1170560000000003,2026-04-10T03:23:37+00:00,False,1,1,data-api,,,,,,,,,,,,,,,,,,92,NORMAL,0.4950511109816846,-0.043052815997105316,-0.09888376776362165,-0.039264226884707376,-0.043052815997105316,0.2462331627282268,DOWN,,,,TRADE,2026-04-10T03:23:30.099676+00:00
54,0x636f1b24e0e408b9b1647f1e92a3ddfb879280d348386b00d9b2486833eee929,btc-updown-5m-1775792700,0x216d4d378fad5c3244457e60ef979b4ddb20da711601de054033f61d096da3f6,BUY,Up,0.6799999693521054,5.100307,3.4682086036863287,2026-04-10T03:47:39+00:00,False,1,1,data-api,,,,,,,,,,,,,,,,,,150,TRANSITION,0.5940650786739206,0.0382487034262147,0.008733051205715693,0.07193338610709488,0.0382487034262147,0.7286836646963346,UP,,,,TRADE,2026-04-10T03:47:32.291437+00:00
53,0x10cc17748faaebeb4eb04eb3264e3f429d7089b21f9bb97c25151842aef75ebf,btc-updown-5m-1775793000,0x707c1173cd92c5e5b9ed78f8b78212b314c103162b6e164b50199757776cae40,BUY,Down,0.71,4.8956,3.475876,2026-04-10T03:53:25+00:00,False,1,1,data-api,,,,,,,,,,,,,,,,,,104,TRANSITION,0.5966603539304463,-0.02644661738145663,-0.05219537126827066,-0.013163685407883326,-0.02644661738145663,0.2462331627282268,DOWN,,,,TRADE,2026-04-10T03:53:18.172774+00:00
52,0x6d335834adf599e3ddce84df75fc132f0dd81d498001edad162753810cabf0ed,btc-updown-5m-1775793300,0x622d1d88c54180f3d3399117de16ea8dd6a088ff34d5c0408967d222a10b881d,BUY,Down,0.6299999396619436,5.484808,3.4554287090573452,2026-04-10T03:58:47+00:00,True,2,2,data-api,,,,,,,,,,,,,,,,,,82,NORMAL,0.5241980439559355,-0.011316924774074425,-0.06365700077431957,-0.01044222860725594,-0.011316924774074425,0.2462331627282268,DOWN,,,,TRADE,2026-04-10T03:58:40.571021+00:00
51,0xc5728bdb18d1c7cb5ce51ea971322fd838acf20007d3b15d100bc01bf1f0043b,btc-updown-5m-1775793300,0x622d1d88c54180f3d3399117de16ea8dd6a088ff34d5c0408967d222a10b881d,BUY,Down,0.67,4.8812,3.270404,2026-04-10T03:58:47+00:00,True,1,2,data-api,,,,,,,,,,,,,,,,,,82,NORMAL,0.5241980439559355,-0.011316924774074425,-0.06365700077431957,-0.01044222860725594,-0.011316924774074425,0.2462331627282268,DOWN,,,,TRADE,2026-04-10T03:58:40.571021+00:00
50,0xe3143df642fbcc9de01de47c706e9af1cc4b69e00c0ba1949ee4d42845873b23,btc-updown-5m-1775794200,0x5ffc5d59498e20480e09511e666ed831d551429475639c4e05cdf0f77a084d0b,BUY,Down,0.6699999842352852,4.954054,3.319216101900752,2026-04-10T04:13:27+00:00,True,1,3,data-api,,,,,,,,,,,,,,,,,,100,NORMAL,0.45672788421710764,-0.056602399480176,-0.09635836023122901,-0.026782994271747962,-0.056602399480176,0.2462331627282268,DOWN,,,,TRADE,2026-04-10T04:13:22.266039+00:00
49,0x3f68f1d79bdbcf109024d6f9c668e4fbcb3327844c394059bec28494435e7070,btc-updown-5m-1775794200,0x5ffc5d59498e20480e09511e666ed831d551429475639c4e05cdf0f77a084d0b,BUY,Down,0.64,5.403105,3.4579872000000003,2026-04-10T04:13:29+00:00,True,3,3,data-api,,,,,,,,,,,,,,,,,,100,NORMAL,0.45672788421710764,-0.056602399480176,-0.09635836023122901,-0.026782994271747962,-0.056602399480176,0.2462331627282268,DOWN,,,,TRADE,2026-04-10T04:13:22.266039+00:00
48,0xe71b09aaebfd1bafc415a92196a17c0835b71b626200c3ab1a1ae35ba059cf8e,btc-updown-5m-1775794200,0x5ffc5d59498e20480e09511e666ed831d551429475639c4e05cdf0f77a084d0b,BUY,Down,0.64944,4.8738,3.1652406720000004,2026-04-10T04:13:29+00:00,True,2,3,data-api,,,,,,,,,,,,,,,,,,100,NORMAL,0.45672788421710764,-0.056602399480176,-0.09635836023122901,-0.026782994271747962,-0.056602399480176,0.2462331627282268,DOWN,,,,TRADE,2026-04-10T04:13:22.266039+00:00
47,0x6973dcadabc4d756922d1592a485b8d8f853b64fcbdadc253278408a9b91deea,btc-updown-5m-1775795400,0xc5dda370d2daf019a6f379318698b0e792624775522a2f8b4ca02185ba393a38,BUY,Down,0.5799999522352699,5.684806,3.297187208466776,2026-04-10T04:33:27+00:00,True,1,3,data-api,,,,,,,,,,,,,,,,,,100,NORMAL,0.528876618024536,-0.031828117336447095,-0.09549368062255348,-0.025532697645698575,-0.031828117336447095,0.2462331627282268,DOWN,,,,TRADE,2026-04-10T04:33:22.142480+00:00
46,0x412b27bf5aaab93e3bb4a63094e7c45151388f0c146b55ab061324963980edcf,btc-updown-5m-1775795400,0xc5dda370d2daf019a6f379318698b0e792624775522a2f8b4ca02185ba393a38,BUY,Down,0.5299999462535114,6.471452,3.429869212182179,2026-04-10T04:33:29+00:00,True,3,3,data-api,,,,,,,,,,,,,,,,,,100,NORMAL,0.528876618024536,-0.031828117336447095,-0.09549368062255348,-0.025532697645698575,-0.031828117336447095,0.2462331627282268,DOWN,,,,TRADE,2026-04-10T04:33:22.142480+00:00
45,0x4d1303ec6476eac71ebdaf4f3e40386b91de015bbb3cdddad67b7e361b0d8697,btc-updown-5m-1775795400,0xc5dda370d2daf019a6f379318698b0e792624775522a2f8b4ca02185ba393a38,BUY,Down,0.54,4.8344,2.610576,2026-04-10T04:33:29+00:00,True,2,3,data-api,,,,,,,,,,,,,,,,,,100,NORMAL,0.528876618024536,-0.031828117336447095,-0.09549368062255348,-0.025532697645698575,-0.031828117336447095,0.2462331627282268,DOWN,,,,TRADE,2026-04-10T04:33:22.142480+00:00
44,0x5c59f5422cbb0b9efaaa9f317e938aa8bab7ece5a3d9feac2daf74fc08384bdb,btc-updown-5m-1775796000,0x59067ef244a77966e6ad28d6c3e07849f7b61c768d9e01cddab5cb7a21c4aaec,BUY,Down,0.5014999954949985,5.671231,2.8441223209510955,2026-04-10T04:43:39+00:00,True,1,3,data-api,,,,,,,,,,,,,,,,,,88,NORMAL,0.48516953962358494,-0.007021228446805583,-0.04979103066043061,-0.001954089331783278,-0.007021228446805583,0.3643948955834961,DOWN,,,,TRADE,2026-04-10T04:43:34.226546+00:00
43,0x48898f91687eae97443cc6b52d678935043f6899320680c668fa2ca310325058,btc-updown-5m-1775796000,0x59067ef244a77966e6ad28d6c3e07849f7b61c768d9e01cddab5cb7a21c4aaec,BUY,Down,0.55,4.838,2.6609000000000003,2026-04-10T04:43:41+00:00,True,3,3,data-api,,,,,,,,,,,,,,,,,,88,NORMAL,0.48516953962358494,-0.007021228446805583,-0.04979103066043061,-0.001954089331783278,-0.007021228446805583,0.3643948955834961,DOWN,,,,TRADE,2026-04-10T04:43:34.226546+00:00
42,0x9d83aa919905d03ee0b2e0879b245c7463c752b08dbd1f42fbd1c83550843e41,btc-updown-5m-1775796000,0x59067ef244a77966e6ad28d6c3e07849f7b61c768d9e01cddab5cb7a21c4aaec,BUY,Down,0.5399999895483839,5.550609,2.9973288019871656,2026-04-10T04:43:41+00:00,True,2,3,data-api,,,,,,,,,,,,,,,,,,88,NORMAL,0.48516953962358494,-0.007021228446805583,-0.04979103066043061,-0.001954089331783278,-0.007021228446805583,0.3643948955834961,DOWN,,,,TRADE,2026-04-10T04:43:34.226546+00:00
41,0x26ab8b0bc10be7760eab416543130ad06c17631fa8358c092cf52fb0650d4165,btc-updown-5m-1775796300,0x47901504e9c4b0592576e1240de4cbe945fdb6c25a23f54b7ba14612eadfcd9c,BUY,Up,0.6141117503093138,5.382630000000001,3.305536330567422,2026-04-10T04:48:27+00:00,True,1,3,data-api,,,,,,,,,,,,,,,,,,100,NORMAL,0.508908722573638,0.02755246518555863,-0.02656334314277146,0.019441307528402032,0.02755246518555863,0.7637611569190081,UP,,,,TRADE,2026-04-10T04:48:22.293526+00:00
40,0xd3edb77083029ab94a50d8c76a496304b878891473d0fc58f58fd979269223ba,btc-updown-5m-1775796300,0x47901504e9c4b0592576e1240de4cbe945fdb6c25a23f54b7ba14612eadfcd9c,BUY,Up,0.6599999814084407,5.247115,3.4630958024479503,2026-04-10T04:48:29+00:00,True,3,3,data-api,,,,,,,,,,,,,,,,,,100,NORMAL,0.508908722573638,0.02755246518555863,-0.02656334314277146,0.019441307528402032,0.02755246518555863,0.7637611569190081,UP,,,,TRADE,2026-04-10T04:48:22.293526+00:00
39,0x14d1b8c245725fa428546cd1f299de8765a830340bfb1570f3cd946f9511fc6e,btc-updown-5m-1775796300,0x47901504e9c4b0592576e1240de4cbe945fdb6c25a23f54b7ba14612eadfcd9c,BUY,Up,0.66,4.8776,3.2192160000000003,2026-04-10T04:48:29+00:00,True,2,3,data-api,,,,,,,,,,,,,,,,,,100,NORMAL,0.508908722573638,0.02755246518555863,-0.02656334314277146,0.019441307528402032,0.02755246518555863,0.7637611569190081,UP,,,,TRADE,2026-04-10T04:48:22.293526+00:00
38,0xde7d5a3992d5c086098e26d1b626e5978e8736fe4ee3c2604e0f5a74bc7accfd,btc-updown-5m-1775797200,0x992390a6c1410e9c2d721b40c182bca7a465acaca9f06d609db87b40d10c4ef4,BUY,Down,0.5599999331342964,5.79263,3.2438724126717196,2026-04-10T05:02:37+00:00,True,1,3,data-api,,,,,,,,,,,,,,,,,,150,CASCADE,0.6760229332036818,-0.05663864729809848,-0.09883900224744865,-0.05509081873303586,-0.05663864729809848,0.2833919858523836,DOWN,,,,TRADE,2026-04-10T05:02:32.500806+00:00
37,0x51be9ebd0105d32d1001eac30ab31a75475b4652ece9873e78075766252ba2ad,btc-updown-5m-1775797200,0x992390a6c1410e9c2d721b40c182bca7a465acaca9f06d609db87b40d10c4ef4,BUY,Down,0.5899999696571357,5.757092,3.396684105313339,2026-04-10T05:02:39+00:00,True,3,3,data-api,,,,,,,,,,,,,,,,,,150,CASCADE,0.6760229332036818,-0.05663864729809848,-0.09883900224744865,-0.05509081873303586,-0.05663864729809848,0.2833919858523836,DOWN,,,,TRADE,2026-04-10T05:02:32.500806+00:00
36,0xbad11118d325bb6af8d1c51dbb38955e16f96bea862ef07b441760b43975c74a,btc-updown-5m-1775797200,0x992390a6c1410e9c2d721b40c182bca7a465acaca9f06d609db87b40d10c4ef4,BUY,Down,0.59,4.8524,2.862916,2026-04-10T05:02:39+00:00,True,2,3,data-api,,,,,,,,,,,,,,,,,,150,CASCADE,0.6760229332036818,-0.05663864729809848,-0.09883900224744865,-0.05509081873303586,-0.05663864729809848,0.2833919858523836,DOWN,,,,TRADE,2026-04-10T05:02:32.500806+00:00
35,0xfae6fd2a2f3488f6405ebf0529d0b6e79989e1ffc0cf48144021f06d16059ecf,btc-updown-5m-1775798700,0x140c4fcedfe7eded199b0861859b46f8f84c9b7f5ba083612c9b7c41abf0f321,BUY,Up,0.6499999617646969,5.0989580000000005,3.3143225050397955,2026-04-10T05:27:37+00:00,True,1,3,data-api,,,,,,,,,,,,,,,,,,150,TRANSITION,0.61600268675349,0.03493118457432346,0.0034199854256021824,0.04809025659998841,0.03493118457432346,0.7286836646963346,UP,,,,TRADE,2026-04-10T05:27:32.499146+00:00
34,0xa8b0228c3f87cac502a394cec41f7760e8e4e61948c0d201e6d0c75b3535634e,btc-updown-5m-1775798700,0x140c4fcedfe7eded199b0861859b46f8f84c9b7f5ba083612c9b7c41abf0f321,BUY,Up,0.649999990845068,5.323907,3.4605395012599933,2026-04-10T05:27:39+00:00,True,3,3,data-api,,,,,,,,,,,,,,,,,,150,TRANSITION,0.61600268675349,0.03493118457432346,0.0034199854256021824,0.04809025659998841,0.03493118457432346,0.7286836646963346,UP,,,,TRADE,2026-04-10T05:27:32.499146+00:00
33,0xbb2a8b059385202db7a8da53510294cbcef86d45b5d0a92d6a06c9ba8b4da7cd,btc-updown-5m-1775798700,0x140c4fcedfe7eded199b0861859b46f8f84c9b7f5ba083612c9b7c41abf0f321,BUY,Up,0.62,4.8632,3.015184,2026-04-10T05:27:39+00:00,True,2,3,data-api,,,,,,,,,,,,,,,,,,150,TRANSITION,0.61600268675349,0.03493118457432346,0.0034199854256021824,0.04809025659998841,0.03493118457432346,0.7286836646963346,UP,,,,TRADE,2026-04-10T05:27:32.499146+00:00
32,0x6f6c9f65d259f0e928359627491afa1ded88efece146859391a94603d066516f,btc-updown-5m-1775800800,0x9a2c115ed654c3993c2b4394d99e68e90df3100dbac80041a4ba5eadeccdc372,BUY,Up,0.6999999605633603,4.961886,3.4733200043198895,2026-04-10T06:03:13+00:00,False,1,1,data-api,,,,,,,,,,,,,,,,,,116,TRANSITION,0.5627411952388907,0.028112302008650395,-0.01654007891268539,0.010661626725776068,0.028112302008650395,0.7286836646963346,UP,,,,TRADE,2026-04-10T06:03:06.079404+00:00
31,0xd488bc44b39ce2d20d6f14828e77d80794f3a5b13c2e042718c32d7a889dfb5e,btc-updown-5m-1775801100,0x33a08c6552c5fb7ea424e89e21c54db59b6b6b52ba53417ceaa79fb3a82f9da9,BUY,Down,0.59,4.8524,2.862916,2026-04-10T06:08:37+00:00,True,2,2,data-api,,,,,,,,,,,,,,,,,,92,NORMAL,0.541352761963134,-0.024697746860311724,-0.08532905588760398,-0.028309071318342253,-0.024697746860311724,0.3643948955834961,DOWN,,,,TRADE,2026-04-10T06:08:29.941449+00:00
30,0x1f48eddc74810dfd7b2d2c748b670559852dbb9485f85bb7d919b1240d9535d0,btc-updown-5m-1775801100,0x33a08c6552c5fb7ea424e89e21c54db59b6b6b52ba53417ceaa79fb3a82f9da9,BUY,Down,0.6,5.017875,3.010725,2026-04-10T06:08:37+00:00,True,1,2,data-api,,,,,,,,,,,,,,,,,,92,NORMAL,0.541352761963134,-0.024697746860311724,-0.08532905588760398,-0.028309071318342253,-0.024697746860311724,0.3643948955834961,DOWN,,,,TRADE,2026-04-10T06:08:29.941449+00:00
29,0x445a82d01210a892148fdd58dc89d5b48fec129a2767f465e1002f5560958283,btc-updown-5m-1775801400,0xd9f48802c0ec2848b24c1e9f696a0877404ae22eb7016e5ce08fa02bf82e5d1b,BUY,Down,0.71,4.8956,3.475876,2026-04-10T06:13:29+00:00,False,1,1,data-api,,,,,,,,,,,,,,,,,,100,NORMAL,0.49476176349231266,-0.025131495601586288,-0.08608330133762328,-0.008203297520318637,-0.025131495601586288,0.2462331627282268,DOWN,,,,TRADE,2026-04-10T06:13:21.993961+00:00
28,0xf2335fe503cee075542cce5285a5acbc7473abf4a1863bc262b5540912453ec9,btc-updown-5m-1775802300,0x59e7ebaa07d947a43de3feed2da8b3a236c909ee6d10136da14937f0b3f84d16,BUY,Down,0.6299999777647002,5.253054,3.309423903196769,2026-04-10T06:28:37+00:00,True,1,3,data-api,,,,,,,,,,,,,,,,,,100,NORMAL,0.5219376559841544,-0.03655850849750876,-0.05508685035895951,-0.003612252482563339,-0.03655850849750876,0.2462331627282268,DOWN,,,,TRADE,2026-04-10T06:28:32.479731+00:00
27,0xb3a518e33752d71b6c45cf3bd5d67fcea727f826f587a81d79df0d3a1edba685,btc-updown-5m-1775802300,0x59e7ebaa07d947a43de3feed2da8b3a236c909ee6d10136da14937f0b3f84d16,BUY,Down,0.63,4.8668,3.0660839999999996,2026-04-10T06:28:39+00:00,True,3,3,data-api,,,,,,,,,,,,,,,,,,100,NORMAL,0.5219376559841544,-0.03655850849750876,-0.05508685035895951,-0.003612252482563339,-0.03655850849750876,0.2462331627282268,DOWN,,,,TRADE,2026-04-10T06:28:32.479731+00:00
26,0xf80458c3c76dff588c9fffac04a27186b69a446e4162cfa79d5190b639623740,btc-updown-5m-1775802300,0x59e7ebaa07d947a43de3feed2da8b3a236c909ee6d10136da14937f0b3f84d16,BUY,Down,0.629999827859105,5.484809,3.45542872584007,2026-04-10T06:28:39+00:00,True,2,3,data-api,,,,,,,,,,,,,,,,,,100,NORMAL,0.5219376559841544,-0.03655850849750876,-0.05508685035895951,-0.003612252482563339,-0.03655850849750876,0.2462331627282268,DOWN,,,,TRADE,2026-04-10T06:28:32.479731+00:00
25,0xaa69e1f44736fc12cf8d4aef6e3f9f33ee0d67927fb1ccdf20f77bc01f5c2167,btc-updown-5m-1775804400,0xfa08758fab80ba26fb5305bb8fc6f4c831c6a532d7a905acb671be3f4ddaf5af,BUY,Up,0.6999999605633603,4.961886,3.4733200043198895,2026-04-10T07:03:53+00:00,False,1,1,data-api,,,,,,,,,,,,,,,,,,76,TRANSITION,0.619356008507674,0.030720593345391144,-0.009595379956852012,0.038382723789955185,0.030720593345391144,0.7637611569190081,UP,,,,TRADE,2026-04-10T07:03:46.536111+00:00
24,0x09766da495d72baecd875af80d9c1d71758d696f9e2835b3d4ec87277b0786ed,btc-updown-5m-1775805000,0xccea6ffde2c65dc8dcd11608100d07f0a299dd8897a078277aac14ea5aecc549,BUY,Down,0.5199999355492856,6.590992,3.427315415205857,2026-04-10T07:13:25+00:00,True,2,2,data-api,,,,,,,,,,,,,,,,,,104,TRANSITION,0.5603428013376415,-0.03263197864201465,-0.07774510754972012,-0.02104356351905456,-0.03263197864201465,0.2462331627282268,DOWN,,,,TRADE,2026-04-10T07:13:18.514821+00:00
23,0xcb4877c443588d875a6629148fce8762118737780fcc0147d56b0bb323f5e9fa,btc-updown-5m-1775805000,0xccea6ffde2c65dc8dcd11608100d07f0a299dd8897a078277aac14ea5aecc549,BUY,Down,0.52,4.8272,2.5101440000000004,2026-04-10T07:13:25+00:00,True,1,2,data-api,,,,,,,,,,,,,,,,,,104,TRANSITION,0.5603428013376415,-0.03263197864201465,-0.07774510754972012,-0.02104356351905456,-0.03263197864201465,0.2462331627282268,DOWN,,,,TRADE,2026-04-10T07:13:18.514821+00:00
22,0xf3166fb7f1846b908e82e0be66346f95f7ab01c79ca840b5d92ba67f1f7ced80,btc-updown-5m-1775806800,0xcd8f66224b8edf72d7e0c9b6718c62ab22a3020d2a8ecca5cd4ba1b1df998259,BUY,Down,0.43999996894116955,7.415711,3.262912609676689,2026-04-10T07:43:49+00:00,True,1,3,data-api,,,,,,,,,,,,,,,,,,76,TRANSITION,0.6253752186459028,-0.015805989008151066,-0.05676730883492573,-0.001519930401127074,-0.015805989008151066,0.2462331627282268,DOWN,,,,TRADE,2026-04-10T07:43:45.825545+00:00
21,0x9c4515c0ac8f1325de73a01e43d35ca0c46319c62a08f141d5fbdd70a330f6bf,btc-updown-5m-1775806800,0xcd8f66224b8edf72d7e0c9b6718c62ab22a3020d2a8ecca5cd4ba1b1df998259,BUY,Down,0.42999998061971373,7.917002000000001,3.4043107065662355,2026-04-10T07:43:53+00:00,True,3,3,data-api,,,,,,,,,,,,,,,,,,76,TRANSITION,0.6253752186459028,-0.015805989008151066,-0.05676730883492573,-0.001519930401127074,-0.015805989008151066,0.2462331627282268,DOWN,,,,TRADE,2026-04-10T07:43:45.825545+00:00
20,0x52b5b6ecc92b3a2c09c8f25cddb584a4ba200f1c11c8533ab79698b4ed3c0fff,btc-updown-5m-1775806800,0xcd8f66224b8edf72d7e0c9b6718c62ab22a3020d2a8ecca5cd4ba1b1df998259,BUY,Down,0.44,4.7984,2.111296,2026-04-10T07:43:53+00:00,True,2,3,data-api,,,,,,,,,,,,,,,,,,76,TRANSITION,0.6253752186459028,-0.015805989008151066,-0.05676730883492573,-0.001519930401127074,-0.015805989008151066,0.2462331627282268,DOWN,,,,TRADE,2026-04-10T07:43:45.825545+00:00
19,0xc3744d4658f38bd79e8f6c8aec1b4e6c95aa0bfdc5a6475563d697302dad3aae,btc-updown-5m-1775809200,0xeb11124d773ba4454d854ee1e2700d4bccf47d1886f12d9ccd639e592789c6d4,BUY,Up,0.6,5.503475,3.302085,2026-04-10T08:23:41+00:00,True,1,3,data-api,,,,,,,,,,,,,,,,,,86,TRANSITION,0.5815018403460457,0.012864980595115398,-0.04347968702999425,0.0009217294865666223,0.012864980595115398,0.7637611569190081,UP,,,,TRADE,2026-04-10T08:23:36.484574+00:00
18,0x231b454696b7f056680a547eb045a632af02cdd499904b812ff4c1a62bfc8da1,btc-updown-5m-1775809200,0xeb11124d773ba4454d854ee1e2700d4bccf47d1886f12d9ccd639e592789c6d4,BUY,Up,0.6,5.746275,3.447765,2026-04-10T08:23:43+00:00,True,3,3,data-api,,,,,,,,,,,,,,,,,,86,TRANSITION,0.5815018403460457,0.012864980595115398,-0.04347968702999425,0.0009217294865666223,0.012864980595115398,0.7637611569190081,UP,,,,TRADE,2026-04-10T08:23:36.484574+00:00
17,0x0100792c10caf537cefff5f484f87596b9c814600738c6a27ef1b72d18d3ef46,btc-updown-5m-1775809200,0xeb11124d773ba4454d854ee1e2700d4bccf47d1886f12d9ccd639e592789c6d4,BUY,Up,0.59,4.8524,2.862916,2026-04-10T08:23:43+00:00,True,2,3,data-api,,,,,,,,,,,,,,,,,,86,TRANSITION,0.5815018403460457,0.012864980595115398,-0.04347968702999425,0.0009217294865666223,0.012864980595115398,0.7637611569190081,UP,,,,TRADE,2026-04-10T08:23:36.484574+00:00
16,0x64d62a3bc6a93351864d6521c75a15ce8aab8746b62973d023dd16cdf682f7f1,btc-updown-5m-1775810400,0x783f38a333bf2f7fd0c2b5cd2963729a1ab3c0f4f87b564a7cf212a215b14cfa,BUY,Up,0.609999946732384,5.656261,3.450318908704461,2026-04-10T08:42:45+00:00,True,2,2,data-api,,,,,,,,,,,,,,,,,,144,TRANSITION,0.6097941423582721,0.01981593661676601,-0.016726603663126203,0.028367206545669606,0.01981593661676601,0.7286836646963346,UP,,,,TRADE,2026-04-10T08:42:38.572990+00:00
15,0x04cd89688d47e06ba792c7db60687f0cf1c2a1a8c04166d4c48b3ab91b667e71,btc-updown-5m-1775810400,0x783f38a333bf2f7fd0c2b5cd2963729a1ab3c0f4f87b564a7cf212a215b14cfa,BUY,Up,0.61,4.8596,2.964356,2026-04-10T08:42:45+00:00,True,1,2,data-api,,,,,,,,,,,,,,,,,,144,TRANSITION,0.6097941423582721,0.01981593661676601,-0.016726603663126203,0.028367206545669606,0.01981593661676601,0.7286836646963346,UP,,,,TRADE,2026-04-10T08:42:38.572990+00:00
14,0xe824ef5b0c6dce8053f1864cfd8d53502538f477256749eaed23080af86264ff,btc-updown-5m-1775811900,0x476a715178ddd2ca5faa19302f977f65c656daec367e9faada6ed8e32fdfa09a,BUY,Up,0.6899999514084267,5.030094999999999,3.47076530557977,2026-04-10T09:08:57+00:00,False,1,1,data-api,,,,,,,,,,,,,,,,,,72,TRANSITION,0.5915021870275541,0.011114780238168327,-0.030582097864943005,0.013401242397721691,0.011114780238168327,0.7996275907713919,UP,,,,TRADE,2026-04-10T09:08:50.016419+00:00
13,0x3deada8567ae01cd9a4df129bd258b23bbbf1348240a44b6eb333a717cb41ea3,btc-updown-5m-1775813100,0xad7cc04dc472284513a9611db94d2b1309f4ee4fe65669645fc4e65665267a0f,BUY,Down,0.5399999523529314,6.087765,3.2873928099358434,2026-04-10T09:28:25+00:00,True,1,3,data-api,,,,,,,,,,,,,,,,,,100,NORMAL,0.5157077964429921,-0.0055132799712017564,-0.061900763126875175,-0.002877853476074555,-0.0055132799712017564,0.2462331627282268,DOWN,,,,TRADE,2026-04-10T09:28:22.085935+00:00
12,0x00e770239f312326d946e8596a3d4cb07bfceb8465f9e4007512a497c488e479,btc-updown-5m-1775813100,0xad7cc04dc472284513a9611db94d2b1309f4ee4fe65669645fc4e65665267a0f,BUY,Down,0.5599999936901391,6.138464,3.437539801267146,2026-04-10T09:28:29+00:00,True,3,3,data-api,,,,,,,,,,,,,,,,,,100,NORMAL,0.5157077964429921,-0.0055132799712017564,-0.061900763126875175,-0.002877853476074555,-0.0055132799712017564,0.2462331627282268,DOWN,,,,TRADE,2026-04-10T09:28:22.085935+00:00
11,0xf2780697f950aa474bb18962bd5745629ec594e291b9494f9e87da1c5ba6c2b5,btc-updown-5m-1775813100,0xad7cc04dc472284513a9611db94d2b1309f4ee4fe65669645fc4e65665267a0f,BUY,Down,0.56,4.8416,2.711296,2026-04-10T09:28:29+00:00,True,2,3,data-api,,,,,,,,,,,,,,,,,,100,NORMAL,0.5157077964429921,-0.0055132799712017564,-0.061900763126875175,-0.002877853476074555,-0.0055132799712017564,0.2462331627282268,DOWN,,,,TRADE,2026-04-10T09:28:22.085935+00:00
10,0xa05cad29a3f5126945ca5a539eec7b894fb725ca2ed23f6e7c8a3d8ae648579d,btc-updown-5m-1775815500,0x254126c3b7ea73ecd1ae90e5138bfd4645a8ff0b809e253ec4e477037879199e,BUY,Down,0.64,5.1748,3.311872,2026-04-10T10:08:23+00:00,True,1,3,data-api,,,,,,,,,,,,,,,,,,104,TRANSITION,0.5630471772374905,-0.04701193460928896,-0.07870713605330687,-0.05857073953926801,-0.04701193460928896,0.2543198983509077,DOWN,,,,TRADE,2026-04-10T10:08:18.795302+00:00
9,0x5abf22b71e02c96a905583ada1c49b31eb7904d26a9d0add1a2731096fbb6624,btc-updown-5m-1775815500,0x254126c3b7ea73ecd1ae90e5138bfd4645a8ff0b809e253ec4e477037879199e,BUY,Down,0.6299999396619436,5.484808,3.4554287090573452,2026-04-10T10:08:25+00:00,True,2,3,data-api,,,,,,,,,,,,,,,,,,104,TRANSITION,0.5630471772374905,-0.04701193460928896,-0.07870713605330687,-0.05857073953926801,-0.04701193460928896,0.2543198983509077,DOWN,,,,TRADE,2026-04-10T10:08:18.795302+00:00
8,0xdb0f527884611f4ab9586127502532aec437ae3321f2120ba2468500af49b027,btc-updown-5m-1775815500,0x254126c3b7ea73ecd1ae90e5138bfd4645a8ff0b809e253ec4e477037879199e,BUY,Down,0.63,4.8668,3.0660839999999996,2026-04-10T10:08:27+00:00,True,3,3,data-api,,,,,,,,,,,,,,,,,,104,TRANSITION,0.5630471772374905,-0.04701193460928896,-0.07870713605330687,-0.05857073953926801,-0.04701193460928896,0.2543198983509077,DOWN,,,,TRADE,2026-04-10T10:08:18.795302+00:00
7,0x87761fcba09c83df7552bf72946f20541e9a2514ea0128a5cf2350f3cad6c7a7,btc-updown-5m-1775816400,0x62f1264fc340b38c88497c7e7d17420117598b7e64dfa1c1fa8f7762af8cd7c6,BUY,Down,0.64,5.1748,3.311872,2026-04-10T10:23:27+00:00,True,1,3,data-api,,,,,,,,,,,,,,,,,,100,NORMAL,0.5402672314022903,-0.025848235799172652,-0.10351447949510516,-0.02812324377673862,-0.025848235799172652,0.2462331627282268,DOWN,,,,TRADE,2026-04-10T10:23:22.282345+00:00
6,0xac13281988a812864817fd1645296541dc740468b3b3d646f7f995c69d78c66d,btc-updown-5m-1775816400,0x62f1264fc340b38c88497c7e7d17420117598b7e64dfa1c1fa8f7762af8cd7c6,BUY,Down,0.649999990845068,5.323907,3.4605395012599933,2026-04-10T10:23:29+00:00,True,3,3,data-api,,,,,,,,,,,,,,,,,,100,NORMAL,0.5402672314022903,-0.025848235799172652,-0.10351447949510516,-0.02812324377673862,-0.025848235799172652,0.2462331627282268,DOWN,,,,TRADE,2026-04-10T10:23:22.282345+00:00
5,0x458164bad634ad757229e440f44acc5c8b12b959c28713a944c76d53968eb94b,btc-updown-5m-1775816400,0x62f1264fc340b38c88497c7e7d17420117598b7e64dfa1c1fa8f7762af8cd7c6,BUY,Down,0.65,4.874,3.1681,2026-04-10T10:23:29+00:00,True,2,3,data-api,,,,,,,,,,,,,,,,,,100,NORMAL,0.5402672314022903,-0.025848235799172652,-0.10351447949510516,-0.02812324377673862,-0.025848235799172652,0.2462331627282268,DOWN,,,,TRADE,2026-04-10T10:23:22.282345+00:00
4,0x281060d3fc664a9cc21bfe0148d1252cd05c5f3b2fc1706c74a5372b9154624d,btc-updown-5m-1775817900,0xd20e37178025366930bf7315d4fdc1dfaaa6702502762775dd1ff52d9d300fdf,BUY,Up,0.64,5.098705,3.2631712,2026-04-10T10:48:11+00:00,True,1,2,data-api,,,,,,,,,,,,,,,,,,116,TRANSITION,0.5634433310883964,0.016897012448988568,-0.027033422418727998,0.028481890183596974,0.016897012448988568,0.7178513392751412,UP,,,,TRADE,2026-04-10T10:48:06.021535+00:00
3,0xf29b67045f16d58b44ee691429a19720b6756bb18f945899cd7f0d8cfde85143,btc-updown-5m-1775817900,0xd20e37178025366930bf7315d4fdc1dfaaa6702502762775dd1ff52d9d300fdf,BUY,Up,0.629999996399999,5.407564,3.4067653005327645,2026-04-10T10:48:13+00:00,True,2,2,data-api,,,,,,,,,,,,,,,,,,116,TRANSITION,0.5634433310883964,0.016897012448988568,-0.027033422418727998,0.028481890183596974,0.016897012448988568,0.7178513392751412,UP,,,,TRADE,2026-04-10T10:48:06.021535+00:00
2,0x636398257eca4890f87b2e0f49af7fdb1c13750c121d5c4752d3918284dd0268,btc-updown-5m-1775819700,0x1d38e4049e2256c450b750d6dc67253cba11039c2a582ba4f0da8e0cfe96dbb1,BUY,Up,0.4599999507142734,5.850295,2.6911354116639603,2026-04-10T11:17:35+00:00,False,1,1,data-api,,,,,,,,,,,,,,,,,,150,TRANSITION,0.6142582615718934,0.04864227061604343,-0.09090456766693546,0.004153697046776875,0.04864227061604343,0.7286836646963346,UP,,,,TRADE,2026-04-10T11:17:31.646159+00:00
1,0x8b09d71daf7400942001b2882f58db4b81b3077f64a01760997e5f9c170a7e78,btc-updown-5m-1775820000,0x045f83b3421bd5751d4372c5acc831c96b16960121c5b511ec397e8ae8f8639e,BUY,Up,0.5499999214285546,4.925968,2.7092820129595743,2026-04-10T11:22:37+00:00,False,1,1,data-api,,,,,,,,,,,,,,,,,,150,CASCADE,0.7271323771202031,0.04981856282139931,0.00608458740745352,0.07627078825623286,0.04981856282139931,0.7286836646963346,UP,,,,TRADE,2026-04-10T11:22:32.542554+00:00
372,0x21e16c23c6c74179db8e0289282c951c65357de95c93c73135db2f83bbd1e1b6,btc-updown-5m-1775821500,0xdd054f271182d8ed8e982fea9706a602531d453dbc1de13a90f79a36d8fbb1db,BUY,Down,0.5299999250689502,5.286537,2.8018642138742327,2026-04-10T11:47:39+00:00,False,1,1,data-api,,,,,,,,,,,,,,,,,,150,CASCADE,0.7014891313495059,-0.06321788009789397,-0.11915051129712637,-0.049885012345182625,-0.06321788009789397,0.2833919858523836,DOWN,,,,TRADE,2026-04-10T11:47:31.946412+00:00
